This is pdfTeX, Version 3.141592653-2.6-1.40.24 (TeX Live 2022/Debian) (preloaded format=pdflatex 2025.5.2)  8 JUN 2025 18:46
entering extended mode
 \write18 enabled.
 %&-line parsing enabled.
**TFGTeXiS.tex
(./TFGTeXiS.tex
LaTeX2e <2022-11-01> patch level 1
L3 programming layer <2023-01-16>
(/usr/share/texlive/texmf-dist/tex/latex/base/book.cls
Document Class: book 2022/07/02 v1.4n Standard LaTeX document class
(/usr/share/texlive/texmf-dist/tex/latex/base/bk12.clo
File: bk12.clo 2022/07/02 v1.4n Standard LaTeX file (size option)
)
\c@part=\count185
\c@chapter=\count186
\c@section=\count187
\c@subsection=\count188
\c@subsubsection=\count189
\c@paragraph=\count190
\c@subparagraph=\count191
\c@figure=\count192
\c@table=\count193
\abovecaptionskip=\skip48
\belowcaptionskip=\skip49
\bibindent=\dimen140
)

LaTeX Warning: \include should only be used after \begin{document} on input lin
e 75.

(./config.tex) (./TeXiS/TeXiS.sty
Package: TeXiS/TeXiS 

(/usr/share/texlive/texmf-dist/tex/latex/tools/verbatim.sty
Package: verbatim 2022-07-02 v1.5u LaTeX2e package for verbatim enhancements
\every@verbatim=\toks16
\verbatim@line=\toks17
\verbatim@in@stream=\read2
)
\example@out=\write3


LaTeX Warning: \include should only be used after \begin{document} on input lin
e 460.

(./TeXiS/TeXiS_pream.tex
(/usr/share/texlive/texmf-dist/tex/latex/base/shortvrb.sty
Package: shortvrb 2022/07/03 v3.0k Standard LaTeX documentation package V3 (FMi
)
)
(/usr/share/texlive/texmf-dist/tex/latex/base/inputenc.sty
Package: inputenc 2021/02/14 v1.3d Input encoding file
\inpenc@prehook=\toks18
\inpenc@posthook=\toks19
)
(/usr/share/texlive/texmf-dist/tex/latex/natbib/natbib.sty
Package: natbib 2010/09/13 8.31b (PWD, AO)
\bibhang=\skip50
\bibsep=\skip51
LaTeX Info: Redefining \cite on input line 694.
\c@NAT@ctr=\count194
)
(/usr/share/texlive/texmf-dist/tex/generic/babel/babel.sty
Package: babel 2022/12/26 3.84 The Babel package
\babel@savecnt=\count195
\U@D=\dimen141
\l@unhyphenated=\language87

(/usr/share/texlive/texmf-dist/tex/generic/babel/txtbabel.def)
\bbl@readstream=\read3
\bbl@dirlevel=\count196

(/usr/share/texlive/texmf-dist/tex/generic/babel-english/english.ldf
Language: english 2017/06/06 v3.3r English support from the babel system
Package babel Info: Hyphen rules for 'canadian' set to \l@english
(babel)             (\language0). Reported on input line 102.
Package babel Info: Hyphen rules for 'australian' set to \l@ukenglish
(babel)             (\language13). Reported on input line 105.
Package babel Info: Hyphen rules for 'newzealand' set to \l@ukenglish
(babel)             (\language13). Reported on input line 108.
)
(/usr/share/texlive/texmf-dist/tex/generic/babel-spanish/spanish.ldf
Language: spanish.ldf 2021/05/27 v5.0q Spanish support from the babel system
\es@quottoks=\toks20
\es@quotdepth=\count197
Package babel Info: Making " an active character on input line 570.
Package babel Info: Making . an active character on input line 675.
Package babel Info: Making < an active character on input line 722.
Package babel Info: Making > an active character on input line 722.
Package babel Info: Making ' an active character on input line 740.
))
(/usr/share/texlive/texmf-dist/tex/generic/babel/locale/es/babel-spanish.tex
Package babel Info: Importing font and identification data for spanish
(babel)             from babel-es.ini. Reported on input line 11.
)
(/usr/share/texlive/texmf-dist/tex/generic/babel/locale/en/babel-english.tex
Package babel Info: Importing font and identification data for english
(babel)             from babel-en.ini. Reported on input line 11.
)
(/usr/share/texlive/texmf-dist/tex/latex/url/url.sty
\Urlmuskip=\muskip16
Package: url 2013/09/16  ver 3.4  Verb mode for urls, etc.
)
(/usr/share/texlive/texmf-dist/tex/generic/iftex/ifpdf.sty
Package: ifpdf 2019/10/25 v3.4 ifpdf legacy package. Use iftex instead.

(/usr/share/texlive/texmf-dist/tex/generic/iftex/iftex.sty
Package: iftex 2022/02/03 v1.0f TeX engine tests
))
(/usr/share/texlive/texmf-dist/tex/latex/fncychap/fncychap.sty
Package: fncychap 2007/07/30 v1.34 LaTeX package (Revised chapters)
\RW=\skip52
\mylen=\skip53
\myhi=\skip54
\px=\skip55
\py=\skip56
\pyy=\skip57
\pxx=\skip58
)
(/usr/share/texlive/texmf-dist/tex/latex/hyperref/hyperref.sty
Package: hyperref 2022-11-13 v7.00u Hypertext links for LaTeX

(/usr/share/texlive/texmf-dist/tex/generic/ltxcmds/ltxcmds.sty
Package: ltxcmds 2020-05-10 v1.25 LaTeX kernel commands for general use (HO)
)
(/usr/share/texlive/texmf-dist/tex/generic/pdftexcmds/pdftexcmds.sty
Package: pdftexcmds 2020-06-27 v0.33 Utility functions of pdfTeX for LuaTeX (HO
)

(/usr/share/texlive/texmf-dist/tex/generic/infwarerr/infwarerr.sty
Package: infwarerr 2019/12/03 v1.5 Providing info/warning/error messages (HO)
)
Package pdftexcmds Info: \pdf@primitive is available.
Package pdftexcmds Info: \pdf@ifprimitive is available.
Package pdftexcmds Info: \pdfdraftmode found.
)
(/usr/share/texlive/texmf-dist/tex/latex/graphics/keyval.sty
Package: keyval 2022/05/29 v1.15 key=value parser (DPC)
\KV@toks@=\toks21
)
(/usr/share/texlive/texmf-dist/tex/latex/kvsetkeys/kvsetkeys.sty
Package: kvsetkeys 2022-10-05 v1.19 Key value parser (HO)
)
(/usr/share/texlive/texmf-dist/tex/generic/kvdefinekeys/kvdefinekeys.sty
Package: kvdefinekeys 2019-12-19 v1.6 Define keys (HO)
)
(/usr/share/texlive/texmf-dist/tex/generic/pdfescape/pdfescape.sty
Package: pdfescape 2019/12/09 v1.15 Implements pdfTeX's escape features (HO)
)
(/usr/share/texlive/texmf-dist/tex/latex/hycolor/hycolor.sty
Package: hycolor 2020-01-27 v1.10 Color options for hyperref/bookmark (HO)
)
(/usr/share/texlive/texmf-dist/tex/latex/letltxmacro/letltxmacro.sty
Package: letltxmacro 2019/12/03 v1.6 Let assignment for LaTeX macros (HO)
)
(/usr/share/texlive/texmf-dist/tex/latex/auxhook/auxhook.sty
Package: auxhook 2019-12-17 v1.6 Hooks for auxiliary files (HO)
)
(/usr/share/texlive/texmf-dist/tex/latex/hyperref/nameref.sty
Package: nameref 2022-05-17 v2.50 Cross-referencing by name of section

(/usr/share/texlive/texmf-dist/tex/latex/refcount/refcount.sty
Package: refcount 2019/12/15 v3.6 Data extraction from label references (HO)
)
(/usr/share/texlive/texmf-dist/tex/generic/gettitlestring/gettitlestring.sty
Package: gettitlestring 2019/12/15 v1.6 Cleanup title references (HO)

(/usr/share/texlive/texmf-dist/tex/latex/kvoptions/kvoptions.sty
Package: kvoptions 2022-06-15 v3.15 Key value format for package options (HO)
))
\c@section@level=\count198
)
\@linkdim=\dimen142
\Hy@linkcounter=\count199
\Hy@pagecounter=\count266

(/usr/share/texlive/texmf-dist/tex/latex/hyperref/pd1enc.def
File: pd1enc.def 2022-11-13 v7.00u Hyperref: PDFDocEncoding definition (HO)
Now handling font encoding PD1 ...
... no UTF-8 mapping file for font encoding PD1
)
(/usr/share/texlive/texmf-dist/tex/generic/intcalc/intcalc.sty
Package: intcalc 2019/12/15 v1.3 Expandable calculations with integers (HO)
)
(/usr/share/texlive/texmf-dist/tex/generic/etexcmds/etexcmds.sty
Package: etexcmds 2019/12/15 v1.7 Avoid name clashes with e-TeX commands (HO)
)
\Hy@SavedSpaceFactor=\count267

(/usr/share/texlive/texmf-dist/tex/latex/hyperref/puenc.def
File: puenc.def 2022-11-13 v7.00u Hyperref: PDF Unicode definition (HO)
Now handling font encoding PU ...
... no UTF-8 mapping file for font encoding PU
)

Package hyperref Warning: Invalid value `0'
(hyperref)                for option `pdfborder'.
(hyperref)                Option setting is ignored on input line 4045.

Package hyperref Info: Option `hyperindex' set `true' on input line 4045.
Package hyperref Info: Option `pdfpagelabels' set `true' on input line 4045.
Package hyperref Info: Option `hypertexnames' set `false' on input line 4045.
Package hyperref Info: Hyper figures OFF on input line 4162.
Package hyperref Info: Link nesting OFF on input line 4167.
Package hyperref Info: Hyper index ON on input line 4170.
Package hyperref Info: Plain pages OFF on input line 4177.
Package hyperref Info: Backreferencing OFF on input line 4182.
Package hyperref Info: Implicit mode ON; LaTeX internals redefined.
Package hyperref Info: Bookmarks ON on input line 4410.
\c@Hy@tempcnt=\count268
LaTeX Info: Redefining \url on input line 4748.
\XeTeXLinkMargin=\dimen143
(/usr/share/texlive/texmf-dist/tex/generic/bitset/bitset.sty
Package: bitset 2019/12/09 v1.3 Handle bit-vector datatype (HO)

(/usr/share/texlive/texmf-dist/tex/generic/bigintcalc/bigintcalc.sty
Package: bigintcalc 2019/12/15 v1.5 Expandable calculations on big integers (HO
)
))
\Fld@menulength=\count269
\Field@Width=\dimen144
\Fld@charsize=\dimen145
Package hyperref Info: Hyper figures OFF on input line 6027.
Package hyperref Info: Link nesting OFF on input line 6032.
Package hyperref Info: Hyper index ON on input line 6035.
Package hyperref Info: backreferencing OFF on input line 6042.
Package hyperref Info: Link coloring OFF on input line 6047.
Package hyperref Info: Link coloring with OCG OFF on input line 6052.
Package hyperref Info: PDF/A mode OFF on input line 6057.

(/usr/share/texlive/texmf-dist/tex/latex/base/atbegshi-ltx.sty
Package: atbegshi-ltx 2021/01/10 v1.0c Emulation of the original atbegshi
package with kernel methods
)
\Hy@abspage=\count270
\c@Item=\count271
\c@Hfootnote=\count272
)
Package hyperref Info: Driver (autodetected): hpdftex.

(/usr/share/texlive/texmf-dist/tex/latex/hyperref/hpdftex.def
File: hpdftex.def 2022-11-13 v7.00u Hyperref driver for pdfTeX

(/usr/share/texlive/texmf-dist/tex/latex/base/atveryend-ltx.sty
Package: atveryend-ltx 2020/08/19 v1.0a Emulation of the original atveryend pac
kage
with kernel methods
)
\Fld@listcount=\count273
\c@bookmark@seq@number=\count274

(/usr/share/texlive/texmf-dist/tex/latex/rerunfilecheck/rerunfilecheck.sty
Package: rerunfilecheck 2022-07-10 v1.10 Rerun checks for auxiliary files (HO)

(/usr/share/texlive/texmf-dist/tex/generic/uniquecounter/uniquecounter.sty
Package: uniquecounter 2019/12/15 v1.4 Provide unlimited unique counter (HO)
)
Package uniquecounter Info: New unique counter `rerunfilecheck' on input line 2
85.
)
\Hy@SectionHShift=\skip59
)
Package hyperref Info: Option `colorlinks' set `false' on input line 290.

(/usr/share/texlive/texmf-dist/tex/latex/base/makeidx.sty
Package: makeidx 2021/10/04 v1.0m Standard LaTeX package
)
\@indexfile=\write4
\openout4 = `TFGTeXiS.idx'.


Writing index file TFGTeXiS.idx
(/usr/share/texlive/texmf-dist/tex/latex/tools/multicol.sty
Package: multicol 2021/11/30 v1.9d multicolumn formatting (FMi)
\c@tracingmulticols=\count275
\mult@box=\box51
\multicol@leftmargin=\dimen146
\c@unbalance=\count276
\c@collectmore=\count277
\doublecol@number=\count278
\multicoltolerance=\count279
\multicolpretolerance=\count280
\full@width=\dimen147
\page@free=\dimen148
\premulticols=\dimen149
\postmulticols=\dimen150
\multicolsep=\skip60
\multicolbaselineskip=\skip61
\partial@page=\box52
\last@line=\box53
\maxbalancingoverflow=\dimen151
\mult@rightbox=\box54
\mult@grightbox=\box55
\mult@firstbox=\box56
\mult@gfirstbox=\box57
\@tempa=\box58
\@tempa=\box59
\@tempa=\box60
\@tempa=\box61
\@tempa=\box62
\@tempa=\box63
\@tempa=\box64
\@tempa=\box65
\@tempa=\box66
\@tempa=\box67
\@tempa=\box68
\@tempa=\box69
\@tempa=\box70
\@tempa=\box71
\@tempa=\box72
\@tempa=\box73
\@tempa=\box74
\@tempa=\box75
\@tempa=\box76
\@tempa=\box77
\@tempa=\box78
\@tempa=\box79
\@tempa=\box80
\@tempa=\box81
\@tempa=\box82
\@tempa=\box83
\@tempa=\box84
\@tempa=\box85
\@tempa=\box86
\@tempa=\box87
\@tempa=\box88
\@tempa=\box89
\@tempa=\box90
\@tempa=\box91
\@tempa=\box92
\@tempa=\box93
\c@minrows=\count281
\c@columnbadness=\count282
\c@finalcolumnbadness=\count283
\last@try=\dimen152
\multicolovershoot=\dimen153
\multicolundershoot=\dimen154
\mult@nat@firstbox=\box94
\colbreak@box=\box95
\mc@col@check@num=\count284
)
(/usr/share/texlive/texmf-dist/tex/latex/subfig/subfig.sty
Package: subfig 2005/06/28 ver: 1.3 subfig package

(/usr/share/texlive/texmf-dist/tex/latex/caption/caption.sty
Package: caption 2022/03/01 v3.6b Customizing captions (AR)

(/usr/share/texlive/texmf-dist/tex/latex/caption/caption3.sty
Package: caption3 2022/03/17 v2.3b caption3 kernel (AR)
\caption@tempdima=\dimen155
\captionmargin=\dimen156
\caption@leftmargin=\dimen157
\caption@rightmargin=\dimen158
\caption@width=\dimen159
\caption@indent=\dimen160
\caption@parindent=\dimen161
\caption@hangindent=\dimen162
Package caption Info: Standard document class detected.
)
\c@caption@flags=\count285
\c@continuedfloat=\count286
Package caption Info: hyperref package is loaded.
)
\c@KVtest=\count287
\sf@farskip=\skip62
\sf@captopadj=\dimen163
\sf@capskip=\skip63
\sf@nearskip=\skip64
\c@subfigure=\count288
\c@subfigure@save=\count289
\c@lofdepth=\count290
\c@subtable=\count291
\c@subtable@save=\count292
\c@lotdepth=\count293
\sf@top=\skip65
\sf@bottom=\skip66
)
\sf@box=\box96

(/usr/share/texlive/texmf-dist/tex/latex/listings/listings.sty
\lst@mode=\count294
\lst@gtempboxa=\box97
\lst@token=\toks22
\lst@length=\count295
\lst@currlwidth=\dimen164
\lst@column=\count296
\lst@pos=\count297
\lst@lostspace=\dimen165
\lst@width=\dimen166
\lst@newlines=\count298
\lst@lineno=\count299
\lst@maxwidth=\dimen167

(/usr/share/texlive/texmf-dist/tex/latex/listings/lstmisc.sty
File: lstmisc.sty 2020/03/24 1.8d (Carsten Heinz)
\c@lstnumber=\count300
\lst@skipnumbers=\count301
\lst@framebox=\box98
)
(/usr/share/texlive/texmf-dist/tex/latex/listings/listings.cfg
File: listings.cfg 2020/03/24 1.8d listings configuration
))
Package: listings 2020/03/24 1.8d (Carsten Heinz)

(/usr/share/texlive/texmf-dist/tex/latex/tools/tabularx.sty
Package: tabularx 2020/01/15 v2.11c `tabularx' package (DPC)

(/usr/share/texlive/texmf-dist/tex/latex/tools/array.sty
Package: array 2022/09/04 v2.5g Tabular extension package (FMi)
\col@sep=\dimen168
\ar@mcellbox=\box99
\extrarowheight=\dimen169
\NC@list=\toks23
\extratabsurround=\skip67
\backup@length=\skip68
\ar@cellbox=\box100
)
\TX@col@width=\dimen170
\TX@old@table=\dimen171
\TX@old@col=\dimen172
\TX@target=\dimen173
\TX@delta=\dimen174
\TX@cols=\count302
\TX@ftn=\toks24
)
(/usr/share/texlive/texmf-dist/tex/latex/base/fontenc.sty
Package: fontenc 2021/04/29 v2.0v Standard LaTeX package
)
(/usr/share/texlive/texmf-dist/tex/latex/graphics/epsfig.sty
Package: epsfig 2017/06/25 v1.7b (e)psfig emulation (SPQR)

(/usr/share/texlive/texmf-dist/tex/latex/graphics/graphicx.sty
Package: graphicx 2021/09/16 v1.2d Enhanced LaTeX Graphics (DPC,SPQR)

(/usr/share/texlive/texmf-dist/tex/latex/graphics/graphics.sty
Package: graphics 2022/03/10 v1.4e Standard LaTeX Graphics (DPC,SPQR)

(/usr/share/texlive/texmf-dist/tex/latex/graphics/trig.sty
Package: trig 2021/08/11 v1.11 sin cos tan (DPC)
)
(/usr/share/texlive/texmf-dist/tex/latex/graphics-cfg/graphics.cfg
File: graphics.cfg 2016/06/04 v1.11 sample graphics configuration
)
Package graphics Info: Driver file: pdftex.def on input line 107.

(/usr/share/texlive/texmf-dist/tex/latex/graphics-def/pdftex.def
File: pdftex.def 2022/09/22 v1.2b Graphics/color driver for pdftex
))
\Gin@req@height=\dimen175
\Gin@req@width=\dimen176
)
\epsfxsize=\dimen177
\epsfysize=\dimen178
)
(/usr/share/texlive/texmf-dist/tex/latex/tools/calc.sty
Package: calc 2017/05/25 v4.3 Infix arithmetic (KKT,FJ)
\calc@Acount=\count303
\calc@Bcount=\count304
\calc@Adimen=\dimen179
\calc@Bdimen=\dimen180
\calc@Askip=\skip69
\calc@Bskip=\skip70
LaTeX Info: Redefining \setlength on input line 80.
LaTeX Info: Redefining \addtolength on input line 81.
\calc@Ccount=\count305
\calc@Cskip=\skip71
)
(/usr/share/texlive/texmf-dist/tex/latex/geometry/geometry.sty
Package: geometry 2020/01/02 v5.9 Page Geometry

(/usr/share/texlive/texmf-dist/tex/generic/iftex/ifvtex.sty
Package: ifvtex 2019/10/25 v1.7 ifvtex legacy package. Use iftex instead.
)
\Gm@cnth=\count306
\Gm@cntv=\count307
\c@Gm@tempcnt=\count308
\Gm@bindingoffset=\dimen181
\Gm@wd@mp=\dimen182
\Gm@odd@mp=\dimen183
\Gm@even@mp=\dimen184
\Gm@layoutwidth=\dimen185
\Gm@layoutheight=\dimen186
\Gm@layouthoffset=\dimen187
\Gm@layoutvoffset=\dimen188
\Gm@dimlist=\toks25
)
(/usr/share/texlive/texmf-dist/tex/latex/titlesec/titlesec.sty
Package: titlesec 2021/07/05 v2.14 Sectioning titles
\ttl@box=\box101
\beforetitleunit=\skip72
\aftertitleunit=\skip73
\ttl@plus=\dimen189
\ttl@minus=\dimen190
\ttl@toksa=\toks26
\titlewidth=\dimen191
\titlewidthlast=\dimen192
\titlewidthfirst=\dimen193
)
(/usr/share/texlive/texmf-dist/tex/latex/csquotes/csquotes.sty
Package: csquotes 2022-09-14 v5.2n context-sensitive quotations (JAW)

(/usr/share/texlive/texmf-dist/tex/latex/etoolbox/etoolbox.sty
Package: etoolbox 2020/10/05 v2.5k e-TeX tools for LaTeX (JAW)
\etb@tempcnta=\count309
)
\csq@reset=\count310
\csq@gtype=\count311
\csq@glevel=\count312
\csq@qlevel=\count313
\csq@maxlvl=\count314
\csq@tshold=\count315
\csq@ltx@everypar=\toks27

(/usr/share/texlive/texmf-dist/tex/latex/csquotes/csquotes.def
File: csquotes.def 2022-09-14 v5.2n csquotes generic definitions (JAW)
)
Package csquotes Info: Trying to load configuration file 'csquotes.cfg'...
Package csquotes Info: ... configuration file loaded successfully.

(/usr/share/texlive/texmf-dist/tex/latex/csquotes/csquotes.cfg
File: csquotes.cfg 
))
(/usr/share/texlive/texmf-dist/tex/latex/pdfpages/pdfpages.sty
Package: pdfpages 2022/12/19 v0.5x Insert pages of external PDF documents (AM)

(/usr/share/texlive/texmf-dist/tex/latex/base/ifthen.sty
Package: ifthen 2022/04/13 v1.1d Standard LaTeX ifthen package (DPC)
)
(/usr/share/texlive/texmf-dist/tex/latex/eso-pic/eso-pic.sty
Package: eso-pic 2020/10/14 v3.0a eso-pic (RN)
\ESO@tempdima=\dimen194
\ESO@tempdimb=\dimen195

(/usr/share/texlive/texmf-dist/tex/latex/xcolor/xcolor.sty
Package: xcolor 2022/06/12 v2.14 LaTeX color extensions (UK)

(/usr/share/texlive/texmf-dist/tex/latex/graphics-cfg/color.cfg
File: color.cfg 2016/01/02 v1.6 sample color configuration
)
Package xcolor Info: Driver file: pdftex.def on input line 227.

(/usr/share/texlive/texmf-dist/tex/latex/graphics/mathcolor.ltx)
Package xcolor Info: Model `cmy' substituted by `cmy0' on input line 1353.
Package xcolor Info: Model `hsb' substituted by `rgb' on input line 1357.
Package xcolor Info: Model `RGB' extended on input line 1369.
Package xcolor Info: Model `HTML' substituted by `rgb' on input line 1371.
Package xcolor Info: Model `Hsb' substituted by `hsb' on input line 1372.
Package xcolor Info: Model `tHsb' substituted by `hsb' on input line 1373.
Package xcolor Info: Model `HSB' substituted by `hsb' on input line 1374.
Package xcolor Info: Model `Gray' substituted by `gray' on input line 1375.
Package xcolor Info: Model `wave' substituted by `hsb' on input line 1376.
))
\AM@pagewidth=\dimen196
\AM@pageheight=\dimen197
\AM@fboxrule=\dimen198

(/usr/share/texlive/texmf-dist/tex/latex/pdfpages/pppdftex.def
File: pppdftex.def 2022/12/19 v0.5x Pdfpages driver for pdfTeX (AM)
)
\pdfpages@includegraphics@status=\count316
\AM@pagebox=\box102
\AM@global@opts=\toks28
\AM@pagecnt=\count317
\AM@toc@title=\toks29
\AM@lof@heading=\toks30
\c@AM@survey=\count318
\AM@templatesizebox=\box103
)
(/usr/share/texlive/texmf-dist/tex/latex/lipsum/lipsum.sty
(/usr/share/texlive/texmf-dist/tex/latex/l3packages/l3keys2e/l3keys2e.sty
(/usr/share/texlive/texmf-dist/tex/latex/l3kernel/expl3.sty
Package: expl3 2023-01-16 L3 programming layer (loader) 

(/usr/share/texlive/texmf-dist/tex/latex/l3backend/l3backend-pdftex.def
File: l3backend-pdftex.def 2023-01-16 L3 backend support: PDF output (pdfTeX)
\l__color_backend_stack_int=\count319
\l__pdf_internal_box=\box104
))
Package: l3keys2e 2023-01-16 LaTeX2e option processing using LaTeX3 keys
)
Package: lipsum 2021-09-20 v2.7 150 paragraphs of Lorem Ipsum dummy text
\g__lipsum_par_int=\count320
\l__lipsum_a_int=\count321
\l__lipsum_b_int=\count322

(/usr/share/texlive/texmf-dist/tex/latex/lipsum/lipsum.ltd.tex))
(/usr/share/texlive/texmf-dist/tex/latex/booktabs/booktabs.sty
Package: booktabs 2020/01/12 v1.61803398 Publication quality tables
\heavyrulewidth=\dimen199
\lightrulewidth=\dimen256
\cmidrulewidth=\dimen257
\belowrulesep=\dimen258
\belowbottomsep=\dimen259
\aboverulesep=\dimen260
\abovetopsep=\dimen261
\cmidrulesep=\dimen262
\cmidrulekern=\dimen263
\defaultaddspace=\dimen264
\@cmidla=\count323
\@cmidlb=\count324
\@aboverulesep=\dimen265
\@belowrulesep=\dimen266
\@thisruleclass=\count325
\@lastruleclass=\count326
\@thisrulewidth=\dimen267
)
(/usr/share/texlive/texmf-dist/tex/latex/amsmath/amsmath.sty
Package: amsmath 2022/04/08 v2.17n AMS math features
\@mathmargin=\skip74

For additional information on amsmath, use the `?' option.
(/usr/share/texlive/texmf-dist/tex/latex/amsmath/amstext.sty
Package: amstext 2021/08/26 v2.01 AMS text

(/usr/share/texlive/texmf-dist/tex/latex/amsmath/amsgen.sty
File: amsgen.sty 1999/11/30 v2.0 generic functions
\@emptytoks=\toks31
\ex@=\dimen268
))
(/usr/share/texlive/texmf-dist/tex/latex/amsmath/amsbsy.sty
Package: amsbsy 1999/11/29 v1.2d Bold Symbols
\pmbraise@=\dimen269
)
(/usr/share/texlive/texmf-dist/tex/latex/amsmath/amsopn.sty
Package: amsopn 2022/04/08 v2.04 operator names
)
\inf@bad=\count327
LaTeX Info: Redefining \frac on input line 234.
\uproot@=\count328
\leftroot@=\count329
LaTeX Info: Redefining \overline on input line 399.
LaTeX Info: Redefining \colon on input line 410.
\classnum@=\count330
\DOTSCASE@=\count331
LaTeX Info: Redefining \ldots on input line 496.
LaTeX Info: Redefining \dots on input line 499.
LaTeX Info: Redefining \cdots on input line 620.
\Mathstrutbox@=\box105
\strutbox@=\box106
LaTeX Info: Redefining \big on input line 722.
LaTeX Info: Redefining \Big on input line 723.
LaTeX Info: Redefining \bigg on input line 724.
LaTeX Info: Redefining \Bigg on input line 725.
\big@size=\dimen270
LaTeX Font Info:    Redeclaring font encoding OML on input line 743.
LaTeX Font Info:    Redeclaring font encoding OMS on input line 744.
\macc@depth=\count332
LaTeX Info: Redefining \bmod on input line 905.
LaTeX Info: Redefining \pmod on input line 910.
LaTeX Info: Redefining \smash on input line 940.
LaTeX Info: Redefining \relbar on input line 970.
LaTeX Info: Redefining \Relbar on input line 971.
\c@MaxMatrixCols=\count333
\dotsspace@=\muskip17
\c@parentequation=\count334
\dspbrk@lvl=\count335
\tag@help=\toks32
\row@=\count336
\column@=\count337
\maxfields@=\count338
\andhelp@=\toks33
\eqnshift@=\dimen271
\alignsep@=\dimen272
\tagshift@=\dimen273
\tagwidth@=\dimen274
\totwidth@=\dimen275
\lineht@=\dimen276
\@envbody=\toks34
\multlinegap=\skip75
\multlinetaggap=\skip76
\mathdisplay@stack=\toks35
LaTeX Info: Redefining \[ on input line 2953.
LaTeX Info: Redefining \] on input line 2954.
)
(/usr/share/texlive/texmf-dist/tex/latex/amsfonts/amssymb.sty
Package: amssymb 2013/01/14 v3.01 AMS font symbols

(/usr/share/texlive/texmf-dist/tex/latex/amsfonts/amsfonts.sty
Package: amsfonts 2013/01/14 v3.01 Basic AMSFonts support
\symAMSa=\mathgroup4
\symAMSb=\mathgroup5
LaTeX Font Info:    Redeclaring math symbol \hbar on input line 98.
LaTeX Font Info:    Overwriting math alphabet `\mathfrak' in version `bold'
(Font)                  U/euf/m/n --> U/euf/b/n on input line 106.
))
(/usr/share/texlive/texmf-dist/tex/latex/minted/minted.sty
Package: minted 2022/12/12 v2.7 Yet another Pygments shim for LaTeX

(/usr/share/texlive/texmf-dist/tex/latex/fvextra/fvextra.sty
Package: fvextra 2022/11/30 v1.5 fvextra - extensions and patches for fancyvrb

(/usr/share/texlive/texmf-dist/tex/latex/fancyvrb/fancyvrb.sty
Package: fancyvrb 2023/01/19 4.5a verbatim text (tvz,hv)
\FV@CodeLineNo=\count339
\FV@InFile=\read4
\FV@TabBox=\box107
\c@FancyVerbLine=\count340
\FV@StepNumber=\count341
\FV@OutFile=\write5
)
(/usr/share/texlive/texmf-dist/tex/latex/upquote/upquote.sty
Package: upquote 2012/04/19 v1.3 upright-quote and grave-accent glyphs in verba
tim

(/usr/share/texlive/texmf-dist/tex/latex/base/textcomp.sty
Package: textcomp 2020/02/02 v2.0n Standard LaTeX package
))
(/usr/share/texlive/texmf-dist/tex/latex/lineno/lineno.sty
Package: lineno 2023/01/19 line numbers on paragraphs v5.1
\linenopenalty=\count342
\output=\toks36
\linenoprevgraf=\count343
\linenumbersep=\dimen277
\linenumberwidth=\dimen278
\c@linenumber=\count344
\c@pagewiselinenumber=\count345
\c@LN@truepage=\count346
\c@internallinenumber=\count347
\c@internallinenumbers=\count348
\quotelinenumbersep=\dimen279
\bframerule=\dimen280
\bframesep=\dimen281
\bframebox=\box108
\linenoamsmath@ams@eqpen=\count349


LaTeX Warning: Command \@parboxrestore  has changed.
               Check if current package is valid.

LaTeX Info: Redefining \\ on input line 3131.
)

Package fvextra Warning: csquotes should be loaded after fvextra, to avoid a wa
rning from the lineno package on input line 36.

\c@FV@TrueTabGroupLevel=\count350
\c@FV@TrueTabCounter=\count351
\FV@TabBox@Group=\box109
\FV@TmpLength=\skip77
\c@FV@HighlightLinesStart=\count352
\c@FV@HighlightLinesStop=\count353
\FV@LoopCount=\count354
\FV@NCharsBox=\box110
\FV@BreakIndent=\dimen282
\FV@BreakIndentNChars=\count355
\FV@BreakSymbolSepLeft=\dimen283
\FV@BreakSymbolSepLeftNChars=\count356
\FV@BreakSymbolSepRight=\dimen284
\FV@BreakSymbolSepRightNChars=\count357
\FV@BreakSymbolIndentLeft=\dimen285
\FV@BreakSymbolIndentLeftNChars=\count358
\FV@BreakSymbolIndentRight=\dimen286
\FV@BreakSymbolIndentRightNChars=\count359
\c@FancyVerbLineBreakLast=\count360
\FV@LineBox=\box111
\FV@LineIndentBox=\box112
\c@FV@BreakBufferDepth=\count361
\FV@LineWidth=\dimen287
) (/usr/share/texlive/texmf-dist/tex/latex/tools/shellesc.sty
Package: shellesc 2019/11/08 v1.0c unified shell escape interface for LaTeX
Package shellesc Info: Unrestricted shell escape enabled on input line 75.
)
(/usr/share/texlive/texmf-dist/tex/latex/ifplatform/ifplatform.sty
Package: ifplatform 2017/10/13 v0.4a Testing for the operating system

(/usr/share/texlive/texmf-dist/tex/generic/catchfile/catchfile.sty
Package: catchfile 2019/12/09 v1.8 Catch the contents of a file (HO)
)
(/usr/share/texlive/texmf-dist/tex/generic/iftex/ifluatex.sty
Package: ifluatex 2019/10/25 v1.5 ifluatex legacy package. Use iftex instead.
)
runsystem(uname -s > "TFGTeXiS.w18")...executed.

 (./TFGTeXiS.w18)
runsystem(rm -- "TFGTeXiS.w18")...executed.

) (/usr/share/texlive/texmf-dist/tex/generic/xstring/xstring.sty
(/usr/share/texlive/texmf-dist/tex/generic/xstring/xstring.tex
\integerpart=\count362
\decimalpart=\count363
)
Package: xstring 2023/01/14 v1.85 String manipulations (CT)
)
(/usr/share/texlive/texmf-dist/tex/latex/framed/framed.sty
Package: framed 2011/10/22 v 0.96: framed or shaded text with page breaks
\OuterFrameSep=\skip78
\fb@frw=\dimen288
\fb@frh=\dimen289
\FrameRule=\dimen290
\FrameSep=\dimen291
)
(/usr/share/texlive/texmf-dist/tex/latex/float/float.sty
Package: float 2001/11/08 v1.3d Float enhancements (AL)
\c@float@type=\count364
\float@exts=\toks37
\float@box=\box113
\@float@everytoks=\toks38
\@floatcapt=\box114
)
\minted@appexistsfile=\read5
\minted@bgbox=\box115
\minted@code=\write6
\c@minted@FancyVerbLineTemp=\count365
\c@minted@pygmentizecounter=\count366
\@float@every@listing=\toks39
\c@listing=\count367
)
runsystem(mkdir -p _minted-TFGTeXiS)...executed.


(/usr/share/texlive/texmf-dist/tex/latex/tcolorbox/tcolorbox.sty
Package: tcolorbox 2022/06/24 version 5.1.1 text color boxes

(/usr/share/texlive/texmf-dist/tex/latex/pgf/basiclayer/pgf.sty
(/usr/share/texlive/texmf-dist/tex/latex/pgf/utilities/pgfrcs.sty
(/usr/share/texlive/texmf-dist/tex/generic/pgf/utilities/pgfutil-common.tex
\pgfutil@everybye=\toks40
\pgfutil@tempdima=\dimen292
\pgfutil@tempdimb=\dimen293
)
(/usr/share/texlive/texmf-dist/tex/generic/pgf/utilities/pgfutil-latex.def
\pgfutil@abb=\box116
)
(/usr/share/texlive/texmf-dist/tex/generic/pgf/utilities/pgfrcs.code.tex
(/usr/share/texlive/texmf-dist/tex/generic/pgf/pgf.revision.tex)
Package: pgfrcs 2023-01-15 v3.1.10 (3.1.10)
))
Package: pgf 2023-01-15 v3.1.10 (3.1.10)

(/usr/share/texlive/texmf-dist/tex/latex/pgf/basiclayer/pgfcore.sty
(/usr/share/texlive/texmf-dist/tex/latex/pgf/systemlayer/pgfsys.sty
(/usr/share/texlive/texmf-dist/tex/generic/pgf/systemlayer/pgfsys.code.tex
Package: pgfsys 2023-01-15 v3.1.10 (3.1.10)

(/usr/share/texlive/texmf-dist/tex/generic/pgf/utilities/pgfkeys.code.tex
\pgfkeys@pathtoks=\toks41
\pgfkeys@temptoks=\toks42

(/usr/share/texlive/texmf-dist/tex/generic/pgf/utilities/pgfkeyslibraryfiltered
.code.tex
\pgfkeys@tmptoks=\toks43
))
\pgf@x=\dimen294
\pgf@y=\dimen295
\pgf@xa=\dimen296
\pgf@ya=\dimen297
\pgf@xb=\dimen298
\pgf@yb=\dimen299
\pgf@xc=\dimen300
\pgf@yc=\dimen301
\pgf@xd=\dimen302
\pgf@yd=\dimen303
\w@pgf@writea=\write7
\r@pgf@reada=\read6
\c@pgf@counta=\count368
\c@pgf@countb=\count369
\c@pgf@countc=\count370
\c@pgf@countd=\count371
\t@pgf@toka=\toks44
\t@pgf@tokb=\toks45
\t@pgf@tokc=\toks46
\pgf@sys@id@count=\count372
 (/usr/share/texlive/texmf-dist/tex/generic/pgf/systemlayer/pgf.cfg
File: pgf.cfg 2023-01-15 v3.1.10 (3.1.10)
)
Driver file for pgf: pgfsys-pdftex.def
(/usr/share/texlive/texmf-dist/tex/generic/pgf/systemlayer/pgfsys-pdftex.def
File: pgfsys-pdftex.def 2023-01-15 v3.1.10 (3.1.10)

(/usr/share/texlive/texmf-dist/tex/generic/pgf/systemlayer/pgfsys-common-pdf.de
f
File: pgfsys-common-pdf.def 2023-01-15 v3.1.10 (3.1.10)
)))
(/usr/share/texlive/texmf-dist/tex/generic/pgf/systemlayer/pgfsyssoftpath.code.
tex
File: pgfsyssoftpath.code.tex 2023-01-15 v3.1.10 (3.1.10)
\pgfsyssoftpath@smallbuffer@items=\count373
\pgfsyssoftpath@bigbuffer@items=\count374
)
(/usr/share/texlive/texmf-dist/tex/generic/pgf/systemlayer/pgfsysprotocol.code.
tex
File: pgfsysprotocol.code.tex 2023-01-15 v3.1.10 (3.1.10)
))
(/usr/share/texlive/texmf-dist/tex/generic/pgf/basiclayer/pgfcore.code.tex
Package: pgfcore 2023-01-15 v3.1.10 (3.1.10)

(/usr/share/texlive/texmf-dist/tex/generic/pgf/math/pgfmath.code.tex
(/usr/share/texlive/texmf-dist/tex/generic/pgf/math/pgfmathutil.code.tex)
(/usr/share/texlive/texmf-dist/tex/generic/pgf/math/pgfmathparser.code.tex
\pgfmath@dimen=\dimen304
\pgfmath@count=\count375
\pgfmath@box=\box117
\pgfmath@toks=\toks47
\pgfmath@stack@operand=\toks48
\pgfmath@stack@operation=\toks49
)
(/usr/share/texlive/texmf-dist/tex/generic/pgf/math/pgfmathfunctions.code.tex)
(/usr/share/texlive/texmf-dist/tex/generic/pgf/math/pgfmathfunctions.basic.code
.tex)
(/usr/share/texlive/texmf-dist/tex/generic/pgf/math/pgfmathfunctions.trigonomet
ric.code.tex)
(/usr/share/texlive/texmf-dist/tex/generic/pgf/math/pgfmathfunctions.random.cod
e.tex)
(/usr/share/texlive/texmf-dist/tex/generic/pgf/math/pgfmathfunctions.comparison
.code.tex)
(/usr/share/texlive/texmf-dist/tex/generic/pgf/math/pgfmathfunctions.base.code.
tex)
(/usr/share/texlive/texmf-dist/tex/generic/pgf/math/pgfmathfunctions.round.code
.tex)
(/usr/share/texlive/texmf-dist/tex/generic/pgf/math/pgfmathfunctions.misc.code.
tex)
(/usr/share/texlive/texmf-dist/tex/generic/pgf/math/pgfmathfunctions.integerari
thmetics.code.tex)
(/usr/share/texlive/texmf-dist/tex/generic/pgf/math/pgfmathcalc.code.tex)
(/usr/share/texlive/texmf-dist/tex/generic/pgf/math/pgfmathfloat.code.tex
\c@pgfmathroundto@lastzeros=\count376
))
(/usr/share/texlive/texmf-dist/tex/generic/pgf/math/pgfint.code.tex)
(/usr/share/texlive/texmf-dist/tex/generic/pgf/basiclayer/pgfcorepoints.code.te
x
File: pgfcorepoints.code.tex 2023-01-15 v3.1.10 (3.1.10)
\pgf@picminx=\dimen305
\pgf@picmaxx=\dimen306
\pgf@picminy=\dimen307
\pgf@picmaxy=\dimen308
\pgf@pathminx=\dimen309
\pgf@pathmaxx=\dimen310
\pgf@pathminy=\dimen311
\pgf@pathmaxy=\dimen312
\pgf@xx=\dimen313
\pgf@xy=\dimen314
\pgf@yx=\dimen315
\pgf@yy=\dimen316
\pgf@zx=\dimen317
\pgf@zy=\dimen318
)
(/usr/share/texlive/texmf-dist/tex/generic/pgf/basiclayer/pgfcorepathconstruct.
code.tex
File: pgfcorepathconstruct.code.tex 2023-01-15 v3.1.10 (3.1.10)
\pgf@path@lastx=\dimen319
\pgf@path@lasty=\dimen320
)
(/usr/share/texlive/texmf-dist/tex/generic/pgf/basiclayer/pgfcorepathusage.code
.tex
File: pgfcorepathusage.code.tex 2023-01-15 v3.1.10 (3.1.10)
\pgf@shorten@end@additional=\dimen321
\pgf@shorten@start@additional=\dimen322
)
(/usr/share/texlive/texmf-dist/tex/generic/pgf/basiclayer/pgfcorescopes.code.te
x
File: pgfcorescopes.code.tex 2023-01-15 v3.1.10 (3.1.10)
\pgfpic=\box118
\pgf@hbox=\box119
\pgf@layerbox@main=\box120
\pgf@picture@serial@count=\count377
)
(/usr/share/texlive/texmf-dist/tex/generic/pgf/basiclayer/pgfcoregraphicstate.c
ode.tex
File: pgfcoregraphicstate.code.tex 2023-01-15 v3.1.10 (3.1.10)
\pgflinewidth=\dimen323
)
(/usr/share/texlive/texmf-dist/tex/generic/pgf/basiclayer/pgfcoretransformation
s.code.tex
File: pgfcoretransformations.code.tex 2023-01-15 v3.1.10 (3.1.10)
\pgf@pt@x=\dimen324
\pgf@pt@y=\dimen325
\pgf@pt@temp=\dimen326
)
(/usr/share/texlive/texmf-dist/tex/generic/pgf/basiclayer/pgfcorequick.code.tex
File: pgfcorequick.code.tex 2023-01-15 v3.1.10 (3.1.10)
)
(/usr/share/texlive/texmf-dist/tex/generic/pgf/basiclayer/pgfcoreobjects.code.t
ex
File: pgfcoreobjects.code.tex 2023-01-15 v3.1.10 (3.1.10)
)
(/usr/share/texlive/texmf-dist/tex/generic/pgf/basiclayer/pgfcorepathprocessing
.code.tex
File: pgfcorepathprocessing.code.tex 2023-01-15 v3.1.10 (3.1.10)
)
(/usr/share/texlive/texmf-dist/tex/generic/pgf/basiclayer/pgfcorearrows.code.te
x
File: pgfcorearrows.code.tex 2023-01-15 v3.1.10 (3.1.10)
\pgfarrowsep=\dimen327
)
(/usr/share/texlive/texmf-dist/tex/generic/pgf/basiclayer/pgfcoreshade.code.tex
File: pgfcoreshade.code.tex 2023-01-15 v3.1.10 (3.1.10)
\pgf@max=\dimen328
\pgf@sys@shading@range@num=\count378
\pgf@shadingcount=\count379
)
(/usr/share/texlive/texmf-dist/tex/generic/pgf/basiclayer/pgfcoreimage.code.tex
File: pgfcoreimage.code.tex 2023-01-15 v3.1.10 (3.1.10)
)
(/usr/share/texlive/texmf-dist/tex/generic/pgf/basiclayer/pgfcoreexternal.code.
tex
File: pgfcoreexternal.code.tex 2023-01-15 v3.1.10 (3.1.10)
\pgfexternal@startupbox=\box121
)
(/usr/share/texlive/texmf-dist/tex/generic/pgf/basiclayer/pgfcorelayers.code.te
x
File: pgfcorelayers.code.tex 2023-01-15 v3.1.10 (3.1.10)
)
(/usr/share/texlive/texmf-dist/tex/generic/pgf/basiclayer/pgfcoretransparency.c
ode.tex
File: pgfcoretransparency.code.tex 2023-01-15 v3.1.10 (3.1.10)
)
(/usr/share/texlive/texmf-dist/tex/generic/pgf/basiclayer/pgfcorepatterns.code.
tex
File: pgfcorepatterns.code.tex 2023-01-15 v3.1.10 (3.1.10)
)
(/usr/share/texlive/texmf-dist/tex/generic/pgf/basiclayer/pgfcorerdf.code.tex
File: pgfcorerdf.code.tex 2023-01-15 v3.1.10 (3.1.10)
)))
(/usr/share/texlive/texmf-dist/tex/generic/pgf/modules/pgfmoduleshapes.code.tex
File: pgfmoduleshapes.code.tex 2023-01-15 v3.1.10 (3.1.10)
\pgfnodeparttextbox=\box122
) (/usr/share/texlive/texmf-dist/tex/generic/pgf/modules/pgfmoduleplot.code.tex
File: pgfmoduleplot.code.tex 2023-01-15 v3.1.10 (3.1.10)
)
(/usr/share/texlive/texmf-dist/tex/latex/pgf/compatibility/pgfcomp-version-0-65
.sty
Package: pgfcomp-version-0-65 2023-01-15 v3.1.10 (3.1.10)
\pgf@nodesepstart=\dimen329
\pgf@nodesepend=\dimen330
)
(/usr/share/texlive/texmf-dist/tex/latex/pgf/compatibility/pgfcomp-version-1-18
.sty
Package: pgfcomp-version-1-18 2023-01-15 v3.1.10 (3.1.10)
)) (/usr/share/texlive/texmf-dist/tex/latex/environ/environ.sty
Package: environ 2014/05/04 v0.3 A new way to define environments

(/usr/share/texlive/texmf-dist/tex/latex/trimspaces/trimspaces.sty
Package: trimspaces 2009/09/17 v1.1 Trim spaces around a token list
))
\tcb@titlebox=\box123
\tcb@upperbox=\box124
\tcb@lowerbox=\box125
\tcb@phantombox=\box126
\c@tcbbreakpart=\count380
\c@tcblayer=\count381
\c@tcolorbox@number=\count382
\tcb@temp=\box127
\tcb@temp=\box128
\tcb@temp=\box129
\tcb@temp=\box130

(/usr/share/texlive/texmf-dist/tex/latex/tcolorbox/tcbraster.code.tex
Library (tcolorbox): 'tcbraster.code.tex' version '5.1.1'
\c@tcbrastercolumn=\count383
\c@tcbrasterrow=\count384
\c@tcbrasternum=\count385
\c@tcbraster=\count386
) (/usr/share/texlive/texmf-dist/tex/latex/tcolorbox/tcbskins.code.tex
Library (tcolorbox): 'tcbskins.code.tex' version '5.1.1'
(/usr/share/texlive/texmf-dist/tex/latex/pgf/frontendlayer/tikz.sty
(/usr/share/texlive/texmf-dist/tex/latex/pgf/utilities/pgffor.sty
(/usr/share/texlive/texmf-dist/tex/latex/pgf/utilities/pgfkeys.sty
(/usr/share/texlive/texmf-dist/tex/generic/pgf/utilities/pgfkeys.code.tex))
(/usr/share/texlive/texmf-dist/tex/latex/pgf/math/pgfmath.sty
(/usr/share/texlive/texmf-dist/tex/generic/pgf/math/pgfmath.code.tex))
(/usr/share/texlive/texmf-dist/tex/generic/pgf/utilities/pgffor.code.tex
Package: pgffor 2023-01-15 v3.1.10 (3.1.10)
\pgffor@iter=\dimen331
\pgffor@skip=\dimen332
\pgffor@stack=\toks50
\pgffor@toks=\toks51
))
(/usr/share/texlive/texmf-dist/tex/generic/pgf/frontendlayer/tikz/tikz.code.tex
Package: tikz 2023-01-15 v3.1.10 (3.1.10)

(/usr/share/texlive/texmf-dist/tex/generic/pgf/libraries/pgflibraryplothandlers
.code.tex
File: pgflibraryplothandlers.code.tex 2023-01-15 v3.1.10 (3.1.10)
\pgf@plot@mark@count=\count387
\pgfplotmarksize=\dimen333
)
\tikz@lastx=\dimen334
\tikz@lasty=\dimen335
\tikz@lastxsaved=\dimen336
\tikz@lastysaved=\dimen337
\tikz@lastmovetox=\dimen338
\tikz@lastmovetoy=\dimen339
\tikzleveldistance=\dimen340
\tikzsiblingdistance=\dimen341
\tikz@figbox=\box131
\tikz@figbox@bg=\box132
\tikz@tempbox=\box133
\tikz@tempbox@bg=\box134
\tikztreelevel=\count388
\tikznumberofchildren=\count389
\tikznumberofcurrentchild=\count390
\tikz@fig@count=\count391

(/usr/share/texlive/texmf-dist/tex/generic/pgf/modules/pgfmodulematrix.code.tex
File: pgfmodulematrix.code.tex 2023-01-15 v3.1.10 (3.1.10)
\pgfmatrixcurrentrow=\count392
\pgfmatrixcurrentcolumn=\count393
\pgf@matrix@numberofcolumns=\count394
)
\tikz@expandcount=\count395

(/usr/share/texlive/texmf-dist/tex/generic/pgf/frontendlayer/tikz/libraries/tik
zlibrarytopaths.code.tex
File: tikzlibrarytopaths.code.tex 2023-01-15 v3.1.10 (3.1.10)
)))
\tcb@waterbox=\box135

(/usr/share/texlive/texmf-dist/tex/latex/tcolorbox/tcbskinsjigsaw.code.tex
Library (tcolorbox): 'tcbskinsjigsaw.code.tex' version '5.1.1'
)) (/usr/share/texlive/texmf-dist/tex/latex/tcolorbox/tcbbreakable.code.tex
Library (tcolorbox): 'tcbbreakable.code.tex' version '5.1.1'
(/usr/share/texlive/texmf-dist/tex/latex/pdfcol/pdfcol.sty
Package: pdfcol 2022-09-21 v1.7 Handle new color stacks for pdfTeX (HO)
)
Package pdfcol Info: New color stack `tcb@breakable' = 1 on input line 23.
\tcb@testbox=\box136
\tcb@totalupperbox=\box137
\tcb@totallowerbox=\box138
)
(/usr/share/texlive/texmf-dist/tex/latex/tcolorbox/tcbhooks.code.tex
Library (tcolorbox): 'tcbhooks.code.tex' version '5.1.1'
) (/usr/share/texlive/texmf-dist/tex/latex/tcolorbox/tcbtheorems.code.tex
Library (tcolorbox): 'tcbtheorems.code.tex' version '5.1.1'
) (/usr/share/texlive/texmf-dist/tex/latex/tcolorbox/tcbfitting.code.tex
Library (tcolorbox): 'tcbfitting.code.tex' version '5.1.1'
\tcbfitdim=\dimen342
\tcb@lowerfitdim=\dimen343
\tcb@upperfitdim=\dimen344
\tcb@cur@hbadness=\count396
) (/usr/share/texlive/texmf-dist/tex/latex/tcolorbox/tcblistingsutf8.code.tex
Library (tcolorbox): 'tcblistingsutf8.code.tex' version '5.1.1'
(/usr/share/texlive/texmf-dist/tex/latex/tcolorbox/tcblistings.code.tex
Library (tcolorbox): 'tcblistings.code.tex' version '5.1.1'
(/usr/share/texlive/texmf-dist/tex/latex/tcolorbox/tcblistingscore.code.tex
Library (tcolorbox): 'tcblistingscore.code.tex' version '5.1.1'
(/usr/share/texlive/texmf-dist/tex/latex/tcolorbox/tcbprocessing.code.tex
Library (tcolorbox): 'tcbprocessing.code.tex' version '5.1.1'
)
\c@tcblisting=\count397
)) (/usr/share/texlive/texmf-dist/tex/latex/listingsutf8/listingsutf8.sty
Package: listingsutf8 2019-12-10 v1.5 Allow UTF-8 in listings input (HO)

(/usr/share/texlive/texmf-dist/tex/generic/stringenc/stringenc.sty
Package: stringenc 2019/11/29 v1.12 Convert strings between diff. encodings (HO
)
)))
(/usr/share/texlive/texmf-dist/tex/latex/tcolorbox/tcbexternal.code.tex
Library (tcolorbox): 'tcbexternal.code.tex' version '5.1.1'
) (/usr/share/texlive/texmf-dist/tex/latex/tcolorbox/tcbmagazine.code.tex
Library (tcolorbox): 'tcbmagazine.code.tex' version '5.1.1'
) (/usr/share/texlive/texmf-dist/tex/latex/tcolorbox/tcbvignette.code.tex
Library (tcolorbox): 'tcbvignette.code.tex' version '5.1.1'

(/usr/share/texlive/texmf-dist/tex/generic/pgf/frontendlayer/tikz/libraries/tik
zlibraryfadings.code.tex
File: tikzlibraryfadings.code.tex 2023-01-15 v3.1.10 (3.1.10)

(/usr/share/texlive/texmf-dist/tex/generic/pgf/libraries/pgflibraryfadings.code
.tex
File: pgflibraryfadings.code.tex 2023-01-15 v3.1.10 (3.1.10)
))) (/usr/share/texlive/texmf-dist/tex/latex/tcolorbox/tcbposter.code.tex
Library (tcolorbox): 'tcbposter.code.tex' version '5.1.1'
)) (/usr/share/texlive/texmf-dist/tex/latex/placeins/placeins.sty
Package: placeins 2005/04/18  v 2.2
)
(/usr/share/texlive/texmf-dist/tex/latex/siunitx/siunitx.sty
Package: siunitx 2023-01-03 v3.2.0 A comprehensive (SI) units package
\l__siunitx_angle_tmp_dim=\dimen345
\l__siunitx_angle_marker_box=\box139
\l__siunitx_angle_unit_box=\box140
\l__siunitx_compound_count_int=\count398

(/usr/share/texlive/texmf-dist/tex/latex/translations/translations.sty
Package: translations 2022/02/05 v1.12 internationalization of LaTeX2e packages
 (CN)
)
\l__siunitx_number_exponent_fixed_int=\count399
\l__siunitx_number_min_decimal_int=\count400
\l__siunitx_number_min_integer_int=\count401
\l__siunitx_number_round_precision_int=\count402
\l__siunitx_number_lower_threshold_int=\count403
\l__siunitx_number_upper_threshold_int=\count404
\l__siunitx_number_group_first_int=\count405
\l__siunitx_number_group_size_int=\count406
\l__siunitx_number_group_minimum_int=\count407
\l__siunitx_table_tmp_box=\box141
\l__siunitx_table_tmp_dim=\dimen346
\l__siunitx_table_column_width_dim=\dimen347
\l__siunitx_table_integer_box=\box142
\l__siunitx_table_decimal_box=\box143
\l__siunitx_table_uncert_box=\box144
\l__siunitx_table_before_box=\box145
\l__siunitx_table_after_box=\box146
\l__siunitx_table_before_dim=\dimen348
\l__siunitx_table_carry_dim=\dimen349
\l__siunitx_unit_tmp_int=\count408
\l__siunitx_unit_position_int=\count409
\l__siunitx_unit_total_int=\count410
)

Package siunitx Info: Option "separate-uncertainty" has been deprecated in
(siunitx)             this release.
(siunitx)             
(siunitx)             Use "uncertainty-mode = separate" as a replacement.


(/usr/share/texlive/texmf-dist/tex/latex/xurl/xurl.sty
Package: xurl 2022/01/09 v 0.10 modify URL breaks
))

LaTeX Warning: \include should only be used after \begin{document} on input lin
e 464.

(./TeXiS/TeXiS_cab.tex
(/usr/share/texlive/texmf-dist/tex/latex/fancyhdr/fancyhdr.sty
Package: fancyhdr 2022/11/09 v4.1 Extensive control of page headers and footers

\f@nch@headwidth=\skip79
\f@nch@O@elh=\skip80
\f@nch@O@erh=\skip81
\f@nch@O@olh=\skip82
\f@nch@O@orh=\skip83
\f@nch@O@elf=\skip84
\f@nch@O@erf=\skip85
\f@nch@O@olf=\skip86
\f@nch@O@orf=\skip87
))

LaTeX Warning: \include should only be used after \begin{document} on input lin
e 467.

(./TeXiS/TeXiS_cover.tex)

LaTeX Warning: \include should only be used after \begin{document} on input lin
e 470.

(./TeXiS/TeXiS_dedic.tex)

LaTeX Warning: \include should only be used after \begin{document} on input lin
e 473.

(./TeXiS/TeXiS_bib.tex))

LaTeX Warning: \include should only be used after \begin{document} on input lin
e 81.

(./constantes.tex)
Package csquotes Info: Checking for multilingual support...
Package csquotes Info: ... found 'babel' package.
Package csquotes Info: Adjusting default style.
Package csquotes Info: Redefining alias 'default' -> 'spanish'.
runsystem(which pygmentize && touch TFGTeXiS.aex)...executed.

runsystem(rm TFGTeXiS.aex)...executed.

 (./TFGTeXiS.aux (./Cascaras/cover.aux
LaTeX Info: Redefining \. on input line 4.
LaTeX Info: Redefining \% on input line 4.
LaTeX Info: Redefining \. on input line 6.
LaTeX Info: Redefining \% on input line 6.
LaTeX Info: Redefining \. on input line 8.
LaTeX Info: Redefining \% on input line 8.
LaTeX Info: Redefining \. on input line 10.
LaTeX Info: Redefining \% on input line 10.
)
LaTeX Info: Redefining \. on input line 24.
LaTeX Info: Redefining \% on input line 24.

(./Cascaras/dedicatoria.aux) (./Cascaras/agradecimientos.aux)
(./Cascaras/resumen.aux) (./Cascaras/abstract.aux
LaTeX Info: Redefining \. on input line 4.
LaTeX Info: Redefining \% on input line 4.
) (./TeXiS/TeXiS_toc.aux)
LaTeX Info: Redefining \. on input line 31.
LaTeX Info: Redefining \% on input line 31.

(./Capitulos/Introduccion.aux) (./Capitulos/EstadoDeLaCuestion.aux

LaTeX Warning: Label `fig:proceso' multiply defined.


LaTeX Warning: Label `fig:proceso' multiply defined.


LaTeX Warning: Label `fig:proceso' multiply defined.


LaTeX Warning: Label `fig:proceso' multiply defined.

) (./Capitulos/DescripcionTrabajo.aux) (./Capitulos/PruebasExpirementales.aux)
(./Capitulos/TecnologiasDescartadas.aux)
(./Capitulos/ConclusionesTrabajoFuturo.aux) (./Capitulos/Introduction.aux

LaTeX Warning: Label `fig:proceso' multiply defined.

) (./Capitulos/ConclusionsFutureWork.aux)
(./Capitulos/ContribucionesPersonales.aux)
LaTeX Info: Redefining \. on input line 42.
LaTeX Info: Redefining \% on input line 42.
 (./Cascaras/bibliografia.aux)
(./Apendices/appendixA.aux) (./Apendices/appendixB.aux

LaTeX Warning: Label `fig:proceso2' multiply defined.


LaTeX Warning: Label `fig:proceso2' multiply defined.


LaTeX Warning: Label `fig:proceso2' multiply defined.


LaTeX Warning: Label `fig:proceso2' multiply defined.


LaTeX Warning: Label `fig:proceso2' multiply defined.


LaTeX Warning: Label `fig:proceso2' multiply defined.


LaTeX Warning: Label `fig:proceso2' multiply defined.


LaTeX Warning: Label `fig:proceso2' multiply defined.


LaTeX Warning: Label `fig:proceso2' multiply defined.


LaTeX Warning: Label `fig:proceso2' multiply defined.

) (./Apendices/AppendixC.aux) (./Cascaras/fin.aux))
\openout1 = `TFGTeXiS.aux'.

LaTeX Font Info:    Checking defaults for OML/cmm/m/it on input line 105.
LaTeX Font Info:    ... okay on input line 105.
LaTeX Font Info:    Checking defaults for OMS/cmsy/m/n on input line 105.
LaTeX Font Info:    ... okay on input line 105.
LaTeX Font Info:    Checking defaults for OT1/cmr/m/n on input line 105.
LaTeX Font Info:    ... okay on input line 105.
LaTeX Font Info:    Checking defaults for T1/cmr/m/n on input line 105.
LaTeX Font Info:    ... okay on input line 105.
LaTeX Font Info:    Checking defaults for TS1/cmr/m/n on input line 105.
LaTeX Font Info:    ... okay on input line 105.
LaTeX Font Info:    Checking defaults for OMX/cmex/m/n on input line 105.
LaTeX Font Info:    ... okay on input line 105.
LaTeX Font Info:    Checking defaults for U/cmr/m/n on input line 105.
LaTeX Font Info:    ... okay on input line 105.
LaTeX Font Info:    Checking defaults for PD1/pdf/m/n on input line 105.
LaTeX Font Info:    ... okay on input line 105.
LaTeX Font Info:    Checking defaults for PU/pdf/m/n on input line 105.
LaTeX Font Info:    ... okay on input line 105.
LaTeX Info: Redefining \. on input line 105.
LaTeX Info: Redefining \% on input line 105.
Package hyperref Info: Link coloring OFF on input line 105.
 (./TFGTeXiS.out)
(./TFGTeXiS.out)
\@outlinefile=\write8
\openout8 = `TFGTeXiS.out'.

Package caption Info: Begin \AtBeginDocument code.
Package caption Info: subfig package v1.3 is loaded.
Package caption Info: float package is loaded.
Package caption Info: listings package is loaded.
Package caption Info: End \AtBeginDocument code.
\c@lstlisting=\count411

(/usr/share/texlive/texmf-dist/tex/context/base/mkii/supp-pdf.mkii
[Loading MPS to PDF converter (version 2006.09.02).]
\scratchcounter=\count412
\scratchdimen=\dimen350
\scratchbox=\box147
\nofMPsegments=\count413
\nofMParguments=\count414
\everyMPshowfont=\toks52
\MPscratchCnt=\count415
\MPscratchDim=\dimen351
\MPnumerator=\count416
\makeMPintoPDFobject=\count417
\everyMPtoPDFconversion=\toks53
) (/usr/share/texlive/texmf-dist/tex/latex/epstopdf-pkg/epstopdf-base.sty
Package: epstopdf-base 2020-01-24 v2.11 Base part for package epstopdf
Package epstopdf-base Info: Redefining graphics rule for `.eps' on input line 4
85.

(/usr/share/texlive/texmf-dist/tex/latex/latexconfig/epstopdf-sys.cfg
File: epstopdf-sys.cfg 2010/07/13 v1.3 Configuration of (r)epstopdf for TeX Liv
e
))
*geometry* driver: auto-detecting
*geometry* detected driver: pdftex
*geometry* verbose mode - [ preamble ] result:
* driver: pdftex
* paper: a4paper
* layout: <same size as paper>
* layoutoffset:(h,v)=(0.0pt,0.0pt)
* modes: twoside 
* h-part:(L,W,R)=(85.35826pt, 426.79135pt, 85.35826pt)
* v-part:(T,H,B)=(85.35826pt, 674.33032pt, 85.35826pt)
* \paperwidth=597.50787pt
* \paperheight=845.04684pt
* \textwidth=426.79135pt
* \textheight=674.33032pt
* \oddsidemargin=13.08827pt
* \evensidemargin=13.08827pt
* \topmargin=-18.78552pt
* \headheight=14.0pt
* \headsep=19.8738pt
* \topskip=12.0pt
* \footskip=30.0pt
* \marginparwidth=88.0pt
* \marginparsep=7.0pt
* \columnsep=10.0pt
* \skip\footins=10.8pt plus 4.0pt minus 2.0pt
* \hoffset=0.0pt
* \voffset=0.0pt
* \mag=1000
* \@twocolumnfalse
* \@twosidetrue
* \@mparswitchtrue
* \@reversemarginfalse
* (1in=72.27pt=25.4mm, 1cm=28.453pt)

(/usr/share/texlive/texmf-dist/tex/latex/pdflscape/pdflscape.sty
Package: pdflscape 2022-10-27 v0.13 Display of landscape pages in PDF

(/usr/share/texlive/texmf-dist/tex/latex/pdflscape/pdflscape-nometadata.sty
Package: pdflscape-nometadata 2022-10-28 v0.13 Display of landscape pages in PD
F (HO)

(/usr/share/texlive/texmf-dist/tex/latex/graphics/lscape.sty
Package: lscape 2020/05/28 v3.02 Landscape Pages (DPC)
)
Package pdflscape Info: Auto-detected driver: pdftex on input line 81.
))
(/usr/share/texlive/texmf-dist/tex/latex/translations/translations-basic-dictio
nary-spanish.trsl
File: translations-basic-dictionary-spanish.trsl (spanish translation file `tra
nslations-basic-dictionary')
)
Package translations Info: loading dictionary `translations-basic-dictionary' f
or `spanish'. on input line 105.

(/usr/share/texlive/texmf-dist/tex/latex/translations/translations-basic-dictio
nary-english.trsl
File: translations-basic-dictionary-english.trsl (english translation file `tra
nslations-basic-dictionary')
)
Package translations Info: loading dictionary `translations-basic-dictionary' f
or `english'. on input line 105.
 (./guionado.tex)
\openout2 = `Cascaras/cover.aux'.

 (./Cascaras/cover.tex
\cambioIzquierdo=\skip88
\cambioDerecho=\skip89
\margenPortada=\skip90
\evensidemarginOriginal=\skip91
\oddsidemarginOriginal=\skip92
\longTitulo=\skip93
LaTeX Info: Redefining \. on input line 190.
LaTeX Info: Redefining \% on input line 190.
LaTeX Info: Redefining \. on input line 190.
LaTeX Info: Redefining \% on input line 190.
<Imagenes/Bitmap/escudoUCMcolor.png, id=324, 600.3228pt x 678.3744pt>
File: Imagenes/Bitmap/escudoUCMcolor.png Graphic file (type png)
<use Imagenes/Bitmap/escudoUCMcolor.png>
Package pdftex.def Info: Imagenes/Bitmap/escudoUCMcolor.png  used on input line
 190.
(pdftex.def)             Requested size: 120.06242pt x 135.67247pt.
\c@lastyear=\count418
 [1



{/var/lib/texmf/fonts/map/pdftex/updmap/pdftex.map} <./Imagenes/Bitmap/escudoUC
Mcolor.png>]
[2]
LaTeX Info: Redefining \. on input line 190.
LaTeX Info: Redefining \% on input line 190.
LaTeX Info: Redefining \. on input line 190.
LaTeX Info: Redefining \% on input line 190.
 [3])
\openout2 = `Cascaras/dedicatoria.aux'.

 (./Cascaras/dedicatoria.tex [4




]
LaTeX Font Info:    Trying to load font information for U+msa on input line 10.


(/usr/share/texlive/texmf-dist/tex/latex/amsfonts/umsa.fd
File: umsa.fd 2013/01/14 v3.01 AMS symbols A
)
LaTeX Font Info:    Trying to load font information for U+msb on input line 10.


(/usr/share/texlive/texmf-dist/tex/latex/amsfonts/umsb.fd
File: umsb.fd 2013/01/14 v3.01 AMS symbols B
)) [5]
\openout2 = `Cascaras/agradecimientos.aux'.


(./Cascaras/agradecimientos.tex [6




]) [7]
\openout2 = `Cascaras/resumen.aux'.

 (./Cascaras/resumen.tex [8




]) [9]
\openout2 = `Cascaras/abstract.aux'.


(./Cascaras/abstract.tex [10




]
LaTeX Info: Redefining \. on input line 3.
LaTeX Info: Redefining \% on input line 3.

Overfull \hbox (3.20383pt too wide) in paragraph at lines 3--3
|\T1/cmr/bx/n/17.28 IPAST: In-for-ma-tion Pro-tec-tion through Acous-tic Ste-
 []

) [11]
LaTeX Info: Redefining \. on input line 125.
LaTeX Info: Redefining \% on input line 125.
\openout2 = `TeXiS/TeXiS_toc.aux'.

 (./TeXiS/TeXiS_toc.tex [12




] (./TFGTeXiS.toc
LaTeX Info: Redefining \. on input line 2.
LaTeX Info: Redefining \% on input line 2.
LaTeX Info: Redefining \. on input line 4.
LaTeX Info: Redefining \% on input line 4.
LaTeX Info: Redefining \. on input line 6.
LaTeX Info: Redefining \% on input line 6.
LaTeX Info: Redefining \. on input line 8.
LaTeX Info: Redefining \% on input line 8.
LaTeX Info: Redefining \. on input line 9.
LaTeX Info: Redefining \% on input line 9.
LaTeX Info: Redefining \. on input line 11.
LaTeX Info: Redefining \% on input line 11.
LaTeX Info: Redefining \. on input line 15.
LaTeX Info: Redefining \% on input line 15.
 [13]
LaTeX Info: Redefining \. on input line 72.
LaTeX Info: Redefining \% on input line 72.
)
\tf@toc=\write9
\openout9 = `TFGTeXiS.toc'.

 [14] (./TFGTeXiS.lof
LaTeX Info: Redefining \. on input line 2.
LaTeX Info: Redefining \% on input line 2.
LaTeX Info: Redefining \. on input line 4.
LaTeX Info: Redefining \% on input line 4.
LaTeX Info: Redefining \. on input line 6.
LaTeX Info: Redefining \% on input line 6.
LaTeX Info: Redefining \. on input line 8.
LaTeX Info: Redefining \% on input line 8.
LaTeX Info: Redefining \. on input line 9.
LaTeX Info: Redefining \% on input line 9.
LaTeX Info: Redefining \. on input line 11.
LaTeX Info: Redefining \% on input line 11.
LaTeX Info: Redefining \. on input line 15.
LaTeX Info: Redefining \% on input line 15.

Underfull \vbox (badness 1655) has occurred while \output is active []

 [15

]
LaTeX Info: Redefining \. on input line 89.
LaTeX Info: Redefining \% on input line 89.

[16])
\tf@lof=\write10
\openout10 = `TFGTeXiS.lof'.

 [17] [18

] (./TFGTeXiS.lot
LaTeX Info: Redefining \. on input line 2.
LaTeX Info: Redefining \% on input line 2.
LaTeX Info: Redefining \. on input line 4.
LaTeX Info: Redefining \% on input line 4.
LaTeX Info: Redefining \. on input line 6.
LaTeX Info: Redefining \% on input line 6.
LaTeX Info: Redefining \. on input line 8.
LaTeX Info: Redefining \% on input line 8.
LaTeX Info: Redefining \. on input line 9.
LaTeX Info: Redefining \% on input line 9.
LaTeX Info: Redefining \. on input line 11.
LaTeX Info: Redefining \% on input line 11.
LaTeX Info: Redefining \. on input line 15.
LaTeX Info: Redefining \% on input line 15.
LaTeX Info: Redefining \. on input line 25.
LaTeX Info: Redefining \% on input line 25.
)
\tf@lot=\write11
\openout11 = `TFGTeXiS.lot'.

 [19]) [20



]
\openout2 = `Capitulos/Introduccion.aux'.

 (./Capitulos/Introduccion.tex
Cap\'itulo 1.
LaTeX Font Info:    Trying to load font information for OT1+phv on input line 1
.
(/usr/share/texlive/texmf-dist/tex/latex/psnfss/ot1phv.fd
File: ot1phv.fd 2020/03/25 scalable font definitions for OT1/phv.
)
LaTeX Font Info:    Trying to load font information for OT1+ptm on input line 1
.

(/usr/share/texlive/texmf-dist/tex/latex/psnfss/ot1ptm.fd
File: ot1ptm.fd 2001/06/04 font definitions for OT1/ptm.
)
<Imagenes/pitea/grafica_tiempo_redes_sociales.png, id=660, 1541.76pt x 867.24pt
>
File: Imagenes/pitea/grafica_tiempo_redes_sociales.png Graphic file (type png)
<use Imagenes/pitea/grafica_tiempo_redes_sociales.png>
Package pdftex.def Info: Imagenes/pitea/grafica_tiempo_redes_sociales.png  used
 on input line 33.
(pdftex.def)             Requested size: 341.43437pt x 192.05052pt.
 [1


 <./Imagenes/pitea/grafica_tiempo_redes_sociales.png>]
Underfull \hbox (badness 10000) in paragraph at lines 63--64

 []


Underfull \hbox (badness 10000) in paragraph at lines 76--77

 []

LaTeX Info: Redefining \. on input line 82.
LaTeX Info: Redefining \% on input line 82.

Package fancyhdr Warning: \headheight is too small (14.0pt): 
(fancyhdr)                Make it at least 14.49998pt, for example:
(fancyhdr)                \setlength{\headheight}{14.49998pt}.
(fancyhdr)                You might also make \topmargin smaller to compensate:

(fancyhdr)                \addtolength{\topmargin}{-0.49998pt}.

[2]
Underfull \hbox (badness 10000) in paragraph at lines 89--90

 []


Underfull \hbox (badness 10000) in paragraph at lines 100--101

 []


Underfull \hbox (badness 10000) in paragraph at lines 111--112

 []


Underfull \hbox (badness 10000) in paragraph at lines 122--123

 []

LaTeX Info: Redefining \. on input line 123.
LaTeX Info: Redefining \% on input line 123.

Package fancyhdr Warning: \headheight is too small (14.0pt): 
(fancyhdr)                Make it at least 14.49998pt, for example:
(fancyhdr)                \setlength{\headheight}{14.49998pt}.
(fancyhdr)                You might also make \topmargin smaller to compensate:

(fancyhdr)                \addtolength{\topmargin}{-0.49998pt}.

[3])
LaTeX Info: Redefining \. on input line 140.
LaTeX Info: Redefining \% on input line 140.


Package fancyhdr Warning: \headheight is too small (14.0pt): 
(fancyhdr)                Make it at least 14.49998pt, for example:
(fancyhdr)                \setlength{\headheight}{14.49998pt}.
(fancyhdr)                You might also make \topmargin smaller to compensate:

(fancyhdr)                \addtolength{\topmargin}{-0.49998pt}.

[4]
\openout2 = `Capitulos/EstadoDeLaCuestion.aux'.

 (./Capitulos/EstadoDeLaCuestion.tex
Cap\'itulo 2.

Underfull \hbox (badness 10000) in paragraph at lines 23--24

 []

<Imagenes/pitea/PNG.pdf, id=688, 770.88pt x 578.16pt>
File: Imagenes/pitea/PNG.pdf Graphic file (type pdf)
<use Imagenes/pitea/PNG.pdf>
Package pdftex.def Info: Imagenes/pitea/PNG.pdf  used on input line 28.
(pdftex.def)             Requested size: 298.75264pt x 224.06114pt.
[5




]
Underfull \hbox (badness 10000) in paragraph at lines 38--39

 []

LaTeX Info: Redefining \. on input line 39.
LaTeX Info: Redefining \% on input line 39.

Package fancyhdr Warning: \headheight is too small (14.0pt): 
(fancyhdr)                Make it at least 14.49998pt, for example:
(fancyhdr)                \setlength{\headheight}{14.49998pt}.
(fancyhdr)                You might also make \topmargin smaller to compensate:

(fancyhdr)                \addtolength{\topmargin}{-0.49998pt}.

[6 <./Imagenes/pitea/PNG.pdf>]
<Imagenes/pitea/wav.pdf, id=718, 770.88pt x 578.16pt>
File: Imagenes/pitea/wav.pdf Graphic file (type pdf)
<use Imagenes/pitea/wav.pdf>
Package pdftex.def Info: Imagenes/pitea/wav.pdf  used on input line 44.
(pdftex.def)             Requested size: 362.77525pt x 272.07928pt.

Underfull \vbox (badness 10000) has occurred while \output is active []

LaTeX Info: Redefining \. on input line 55.
LaTeX Info: Redefining \% on input line 55.


Package fancyhdr Warning: \headheight is too small (14.0pt): 
(fancyhdr)                Make it at least 14.49998pt, for example:
(fancyhdr)                \setlength{\headheight}{14.49998pt}.
(fancyhdr)                You might also make \topmargin smaller to compensate:

(fancyhdr)                \addtolength{\topmargin}{-0.49998pt}.

[7 <./Imagenes/pitea/wav.pdf>]
Underfull \hbox (badness 10000) in paragraph at lines 57--58

 []

LaTeX Font Info:    Trying to load font information for T1+cmtt on input line 6
1.
(/usr/share/texlive/texmf-dist/tex/latex/base/t1cmtt.fd
File: t1cmtt.fd 2022/07/10 v2.5l Standard LaTeX font definitions
)
Underfull \hbox (badness 10000) in paragraph at lines 61--63

 []


Underfull \vbox (badness 10000) has occurred while \output is active []

LaTeX Info: Redefining \. on input line 72.
LaTeX Info: Redefining \% on input line 72.


Package fancyhdr Warning: \headheight is too small (14.0pt): 
(fancyhdr)                Make it at least 14.49998pt, for example:
(fancyhdr)                \setlength{\headheight}{14.49998pt}.
(fancyhdr)                You might also make \topmargin smaller to compensate:

(fancyhdr)                \addtolength{\topmargin}{-0.49998pt}.

[8]
<Imagenes/pitea/diagrama_estego.png, id=765, 167.29167pt x 167.29167pt>
File: Imagenes/pitea/diagrama_estego.png Graphic file (type png)
<use Imagenes/pitea/diagrama_estego.png>
Package pdftex.def Info: Imagenes/pitea/diagrama_estego.png  used on input line
 75.
(pdftex.def)             Requested size: 256.07741pt x 256.09068pt.
LaTeX Info: Redefining \. on input line 89.
LaTeX Info: Redefining \% on input line 89.


Package fancyhdr Warning: \headheight is too small (14.0pt): 
(fancyhdr)                Make it at least 14.49998pt, for example:
(fancyhdr)                \setlength{\headheight}{14.49998pt}.
(fancyhdr)                You might also make \topmargin smaller to compensate:

(fancyhdr)                \addtolength{\topmargin}{-0.49998pt}.

[9 <./Imagenes/pitea/diagrama_estego.png>]
Underfull \hbox (badness 10000) in paragraph at lines 92--93

 []



pdfTeX warning: pdflatex (file ./Imagenes/pitea/lsb_png.pdf): PDF inclusion: fo
und PDF version <1.7>, but at most version <1.5> allowed
<Imagenes/pitea/lsb_png.pdf, id=780, 750.68456pt x 189.79909pt>
File: Imagenes/pitea/lsb_png.pdf Graphic file (type pdf)
<use Imagenes/pitea/lsb_png.pdf>
Package pdftex.def Info: Imagenes/pitea/lsb_png.pdf  used on input line 101.
(pdftex.def)             Requested size: 426.79135pt x 107.90857pt.
LaTeX Info: Redefining \. on input line 107.
LaTeX Info: Redefining \% on input line 107.

Package fancyhdr Warning: \headheight is too small (14.0pt): 
(fancyhdr)                Make it at least 14.49998pt, for example:
(fancyhdr)                \setlength{\headheight}{14.49998pt}.
(fancyhdr)                You might also make \topmargin smaller to compensate:

(fancyhdr)                \addtolength{\topmargin}{-0.49998pt}.

[10 <./Imagenes/pitea/lsb_png.pdf>]
<Imagenes/pitea/dominio_transformada.png, id=800, 1027.84pt x 1541.76pt>
File: Imagenes/pitea/dominio_transformada.png Graphic file (type png)
<use Imagenes/pitea/dominio_transformada.png>
Package pdftex.def Info: Imagenes/pitea/dominio_transformada.png  used on input
 line 110.
(pdftex.def)             Requested size: 247.53976pt x 371.30032pt.
LaTeX Info: Redefining \. on input line 120.
LaTeX Info: Redefining \% on input line 120.


Package fancyhdr Warning: \headheight is too small (14.0pt): 
(fancyhdr)                Make it at least 14.49998pt, for example:
(fancyhdr)                \setlength{\headheight}{14.49998pt}.
(fancyhdr)                You might also make \topmargin smaller to compensate:

(fancyhdr)                \addtolength{\topmargin}{-0.49998pt}.

[11 <./Imagenes/pitea/dominio_transformada.png>]
Underfull \hbox (badness 10000) in paragraph at lines 123--124

 []

<Imagenes/pitea/clave_secreta.pdf, id=810, 770.88pt x 578.16pt>
File: Imagenes/pitea/clave_secreta.pdf Graphic file (type pdf)
<use Imagenes/pitea/clave_secreta.pdf>
Package pdftex.def Info: Imagenes/pitea/clave_secreta.pdf  used on input line 1
34.
(pdftex.def)             Requested size: 298.75264pt x 224.06114pt.
LaTeX Info: Redefining \. on input line 145.
LaTeX Info: Redefining \% on input line 145.

Package fancyhdr Warning: \headheight is too small (14.0pt): 
(fancyhdr)                Make it at least 14.49998pt, for example:
(fancyhdr)                \setlength{\headheight}{14.49998pt}.
(fancyhdr)                You might also make \topmargin smaller to compensate:

(fancyhdr)                \addtolength{\topmargin}{-0.49998pt}.

[12 <./Imagenes/pitea/clave_secreta.pdf>]
Underfull \hbox (badness 10000) in paragraph at lines 147--149

 []

<Imagenes/pitea/cesar.pdf, id=831, 770.88pt x 578.16pt>
File: Imagenes/pitea/cesar.pdf Graphic file (type pdf)
<use Imagenes/pitea/cesar.pdf>
Package pdftex.def Info: Imagenes/pitea/cesar.pdf  used on input line 167.
(pdftex.def)             Requested size: 298.75264pt x 224.06114pt.

Underfull \hbox (badness 10000) in paragraph at lines 173--174

 []

LaTeX Info: Redefining \. on input line 174.
LaTeX Info: Redefining \% on input line 174.

Package fancyhdr Warning: \headheight is too small (14.0pt): 
(fancyhdr)                Make it at least 14.49998pt, for example:
(fancyhdr)                \setlength{\headheight}{14.49998pt}.
(fancyhdr)                You might also make \topmargin smaller to compensate:

(fancyhdr)                \addtolength{\topmargin}{-0.49998pt}.

[13 <./Imagenes/pitea/cesar.pdf>]
<Imagenes/pitea/aes.png, id=859, 377.0085pt x 280.04625pt>
File: Imagenes/pitea/aes.png Graphic file (type png)
<use Imagenes/pitea/aes.png>
Package pdftex.def Info: Imagenes/pitea/aes.png  used on input line 200.
(pdftex.def)             Requested size: 298.75264pt x 221.9178pt.

Underfull \hbox (badness 10000) in paragraph at lines 208--209

 []

LaTeX Info: Redefining \. on input line 209.
LaTeX Info: Redefining \% on input line 209.

Package fancyhdr Warning: \headheight is too small (14.0pt): 
(fancyhdr)                Make it at least 14.49998pt, for example:
(fancyhdr)                \setlength{\headheight}{14.49998pt}.
(fancyhdr)                You might also make \topmargin smaller to compensate:

(fancyhdr)                \addtolength{\topmargin}{-0.49998pt}.

[14 <./Imagenes/pitea/aes.png>]
Underfull \hbox (badness 10000) in paragraph at lines 241--242

 []


Underfull \hbox (badness 10000) in paragraph at lines 250--251

 []


Underfull \hbox (badness 10000) in paragraph at lines 257--258

 []


Underfull \hbox (badness 10000) in paragraph at lines 267--268

 []

LaTeX Info: Redefining \. on input line 268.
LaTeX Info: Redefining \% on input line 268.

Package fancyhdr Warning: \headheight is too small (14.0pt): 
(fancyhdr)                Make it at least 14.49998pt, for example:
(fancyhdr)                \setlength{\headheight}{14.49998pt}.
(fancyhdr)                You might also make \topmargin smaller to compensate:

(fancyhdr)                \addtolength{\topmargin}{-0.49998pt}.

[15]
Underfull \hbox (badness 10000) in paragraph at lines 269--270

 []

<Imagenes/pitea/clave_publica.pdf, id=894, 770.88pt x 578.16pt>
File: Imagenes/pitea/clave_publica.pdf Graphic file (type pdf)
<use Imagenes/pitea/clave_publica.pdf>
Package pdftex.def Info: Imagenes/pitea/clave_publica.pdf  used on input line 2
73.
(pdftex.def)             Requested size: 298.75264pt x 224.06114pt.
<Imagenes/pitea/firma.pdf, id=896, 770.88pt x 578.16pt>
File: Imagenes/pitea/firma.pdf Graphic file (type pdf)
<use Imagenes/pitea/firma.pdf>
Package pdftex.def Info: Imagenes/pitea/firma.pdf  used on input line 283.
(pdftex.def)             Requested size: 298.75264pt x 224.06114pt.

LaTeX Warning: `h' float specifier changed to `ht'.

LaTeX Info: Redefining \. on input line 287.
LaTeX Info: Redefining \% on input line 287.

Package fancyhdr Warning: \headheight is too small (14.0pt): 
(fancyhdr)                Make it at least 14.49998pt, for example:
(fancyhdr)                \setlength{\headheight}{14.49998pt}.
(fancyhdr)                You might also make \topmargin smaller to compensate:

(fancyhdr)                \addtolength{\topmargin}{-0.49998pt}.

[16 <./Imagenes/pitea/clave_publica.pdf>]
Underfull \hbox (badness 10000) in paragraph at lines 289--290

 []

LaTeX Info: Redefining \. on input line 307.
LaTeX Info: Redefining \% on input line 307.

Package fancyhdr Warning: \headheight is too small (14.0pt): 
(fancyhdr)                Make it at least 14.49998pt, for example:
(fancyhdr)                \setlength{\headheight}{14.49998pt}.
(fancyhdr)                You might also make \topmargin smaller to compensate:

(fancyhdr)                \addtolength{\topmargin}{-0.49998pt}.

[17 <./Imagenes/pitea/firma.pdf>]
Underfull \hbox (badness 10000) in paragraph at lines 327--328

 []

<Imagenes/pitea/Onda_sstv_b_n.png, id=944, 379.4175pt x 316.18124pt>
File: Imagenes/pitea/Onda_sstv_b_n.png Graphic file (type png)
<use Imagenes/pitea/Onda_sstv_b_n.png>
Package pdftex.def Info: Imagenes/pitea/Onda_sstv_b_n.png  used on input line 3
32.
(pdftex.def)             Requested size: 213.39568pt x 177.8322pt.

LaTeX Warning: `h' float specifier changed to `ht'.

<Imagenes/pitea/pajaro.png, id=949, 1927.2pt x 1053.9375pt>
File: Imagenes/pitea/pajaro.png Graphic file (type png)
<use Imagenes/pitea/pajaro.png>
Package pdftex.def Info: Imagenes/pitea/pajaro.png  used on input line 339.
(pdftex.def)             Requested size: 256.07741pt x 140.04005pt.

LaTeX Warning: `h' float specifier changed to `ht'.


Underfull \hbox (badness 10000) in paragraph at lines 344--345

 []


LaTeX Warning: `h' float specifier changed to `ht'.

LaTeX Info: Redefining \. on input line 364.
LaTeX Info: Redefining \% on input line 364.

Package fancyhdr Warning: \headheight is too small (14.0pt): 
(fancyhdr)                Make it at least 14.49998pt, for example:
(fancyhdr)                \setlength{\headheight}{14.49998pt}.
(fancyhdr)                You might also make \topmargin smaller to compensate:

(fancyhdr)                \addtolength{\topmargin}{-0.49998pt}.

[18]
LaTeX Info: Redefining \. on input line 364.
LaTeX Info: Redefining \% on input line 364.


Package fancyhdr Warning: \headheight is too small (14.0pt): 
(fancyhdr)                Make it at least 14.49998pt, for example:
(fancyhdr)                \setlength{\headheight}{14.49998pt}.
(fancyhdr)                You might also make \topmargin smaller to compensate:

(fancyhdr)                \addtolength{\topmargin}{-0.49998pt}.

[19 <./Imagenes/pitea/Onda_sstv_b_n.png> <./Imagenes/pitea/pajaro.png>]
Underfull \hbox (badness 10000) in paragraph at lines 368--369

 []


Underfull \hbox (badness 10000) in paragraph at lines 370--371

 []

<Imagenes/steghide.png, id=974, 693.34032pt x 362.85562pt>
File: Imagenes/steghide.png Graphic file (type png)
<use Imagenes/steghide.png>
Package pdftex.def Info: Imagenes/steghide.png  used on input line 374.
(pdftex.def)             Requested size: 426.79135pt x 223.3625pt.

Underfull \hbox (badness 10000) in paragraph at lines 381--383

 []

LaTeX Info: Redefining \. on input line 383.
LaTeX Info: Redefining \% on input line 383.

Package fancyhdr Warning: \headheight is too small (14.0pt): 
(fancyhdr)                Make it at least 14.49998pt, for example:
(fancyhdr)                \setlength{\headheight}{14.49998pt}.
(fancyhdr)                You might also make \topmargin smaller to compensate:

(fancyhdr)                \addtolength{\topmargin}{-0.49998pt}.

[20

 <./Imagenes/steghide.png>]
Underfull \hbox (badness 10000) in paragraph at lines 384--385

 []

<Imagenes/silenteye1.png, id=988, 406.51875pt x 411.78844pt>
File: Imagenes/silenteye1.png Graphic file (type png)
<use Imagenes/silenteye1.png>
Package pdftex.def Info: Imagenes/silenteye1.png  used on input line 392.
(pdftex.def)             Requested size: 213.39568pt x 216.16074pt.
<Imagenes/silenteye2.png, id=989, 900.36375pt x 391.4625pt>
File: Imagenes/silenteye2.png Graphic file (type png)
<use Imagenes/silenteye2.png>
Package pdftex.def Info: Imagenes/silenteye2.png  used on input line 399.
(pdftex.def)             Requested size: 426.79135pt x 185.56432pt.

LaTeX Warning: `h' float specifier changed to `ht'.

)
LaTeX Info: Redefining \. on input line 141.
LaTeX Info: Redefining \% on input line 141.


Package fancyhdr Warning: \headheight is too small (14.0pt): 
(fancyhdr)                Make it at least 14.49998pt, for example:
(fancyhdr)                \setlength{\headheight}{14.49998pt}.
(fancyhdr)                You might also make \topmargin smaller to compensate:

(fancyhdr)                \addtolength{\topmargin}{-0.49998pt}.

[21 <./Imagenes/silenteye1.png>]
LaTeX Info: Redefining \. on input line 141.
LaTeX Info: Redefining \% on input line 141.


Package fancyhdr Warning: \headheight is too small (14.0pt): 
(fancyhdr)                Make it at least 14.49998pt, for example:
(fancyhdr)                \setlength{\headheight}{14.49998pt}.
(fancyhdr)                You might also make \topmargin smaller to compensate:

(fancyhdr)                \addtolength{\topmargin}{-0.49998pt}.

[22 <./Imagenes/silenteye2.png>]
\openout2 = `Capitulos/DescripcionTrabajo.aux'.

 (./Capitulos/DescripcionTrabajo.tex
Cap\'itulo 3.

Underfull \hbox (badness 10000) in paragraph at lines 6--7

 []


LaTeX Warning: No positions in optional float specifier.
               Default added (so using `tbp') on input line 8.

<Imagenes/Diagramas/clases/Diagrama_Launcher_Invoker_Comandos.png, id=1001, 796
.9775pt x 1137.24875pt>
File: Imagenes/Diagramas/clases/Diagrama_Launcher_Invoker_Comandos.png Graphic 
file (type png)
<use Imagenes/Diagramas/clases/Diagrama_Launcher_Invoker_Comandos.png>
Package pdftex.def Info: Imagenes/Diagramas/clases/Diagrama_Launcher_Invoker_Co
mandos.png  used on input line 10.
(pdftex.def)             Requested size: 426.79135pt x 609.0034pt.

Underfull \hbox (badness 10000) in paragraph at lines 15--16

 []


LaTeX Warning: No positions in optional float specifier.
               Default added (so using `tbp') on input line 18.

<Imagenes/Diagramas/clases/Diagrama_07_ScriptEjecucion_FlujoCompleto.png, id=10
03, 1360.08125pt x 1515.6625pt>
File: Imagenes/Diagramas/clases/Diagrama_07_ScriptEjecucion_FlujoCompleto.png G
raphic file (type png)
<use Imagenes/Diagramas/clases/Diagrama_07_ScriptEjecucion_FlujoCompleto.png>
Package pdftex.def Info: Imagenes/Diagramas/clases/Diagrama_07_ScriptEjecucion_
FlujoCompleto.png  used on input line 20.
(pdftex.def)             Requested size: 426.79135pt x 475.60918pt.

Underfull \hbox (badness 10000) in paragraph at lines 26--27

 []


LaTeX Warning: No positions in optional float specifier.
               Default added (so using `tbp') on input line 29.

<Imagenes/Diagramas/clases/Diagrama_Cifradores.png, id=1005, 511.9125pt x 561.0
9625pt>
File: Imagenes/Diagramas/clases/Diagrama_Cifradores.png Graphic file (type png)

<use Imagenes/Diagramas/clases/Diagrama_Cifradores.png>
Package pdftex.def Info: Imagenes/Diagramas/clases/Diagrama_Cifradores.png  use
d on input line 31.
(pdftex.def)             Requested size: 298.75264pt x 327.45659pt.

Underfull \hbox (badness 10000) in paragraph at lines 37--38

 []


Underfull \hbox (badness 10000) in paragraph at lines 39--40

 []

[23




]
LaTeX Info: Redefining \. on input line 41.
LaTeX Info: Redefining \% on input line 41.


Package fancyhdr Warning: \headheight is too small (14.0pt): 
(fancyhdr)                Make it at least 14.49998pt, for example:
(fancyhdr)                \setlength{\headheight}{14.49998pt}.
(fancyhdr)                You might also make \topmargin smaller to compensate:

(fancyhdr)                \addtolength{\topmargin}{-0.49998pt}.

[24 <./Imagenes/Diagramas/clases/Diagrama_Launcher_Invoker_Comandos.png (PNG co
py)>]
LaTeX Info: Redefining \. on input line 41.
LaTeX Info: Redefining \% on input line 41.


Package fancyhdr Warning: \headheight is too small (14.0pt): 
(fancyhdr)                Make it at least 14.49998pt, for example:
(fancyhdr)                \setlength{\headheight}{14.49998pt}.
(fancyhdr)                You might also make \topmargin smaller to compensate:

(fancyhdr)                \addtolength{\topmargin}{-0.49998pt}.

[25 <./Imagenes/Diagramas/clases/Diagrama_07_ScriptEjecucion_FlujoCompleto.png 
(PNG copy)>]
LaTeX Info: Redefining \. on input line 41.
LaTeX Info: Redefining \% on input line 41.


Package fancyhdr Warning: \headheight is too small (14.0pt): 
(fancyhdr)                Make it at least 14.49998pt, for example:
(fancyhdr)                \setlength{\headheight}{14.49998pt}.
(fancyhdr)                You might also make \topmargin smaller to compensate:

(fancyhdr)                \addtolength{\topmargin}{-0.49998pt}.

[26 <./Imagenes/Diagramas/clases/Diagrama_Cifradores.png (PNG copy)>]
Underfull \hbox (badness 10000) in paragraph at lines 41--42

 []


Underfull \hbox (badness 10000) in paragraph at lines 43--45

 []


Underfull \hbox (badness 10000) in paragraph at lines 54--55

 []


Underfull \hbox (badness 10000) in paragraph at lines 56--57

 []


Underfull \hbox (badness 10000) in paragraph at lines 58--59

 []


Underfull \hbox (badness 10000) in paragraph at lines 60--62

 []

LaTeX Info: Redefining \. on input line 64.
LaTeX Info: Redefining \% on input line 64.

Package fancyhdr Warning: \headheight is too small (14.0pt): 
(fancyhdr)                Make it at least 14.49998pt, for example:
(fancyhdr)                \setlength{\headheight}{14.49998pt}.
(fancyhdr)                You might also make \topmargin smaller to compensate:

(fancyhdr)                \addtolength{\topmargin}{-0.49998pt}.

[27]
Underfull \hbox (badness 10000) in paragraph at lines 74--75

 []


Underfull \hbox (badness 10000) in paragraph at lines 76--77

 []

<Imagenes/Diagramas/clases/Diagrama_Ocultadores_Completo.png, id=1039, 732.7375
pt x 614.295pt>
File: Imagenes/Diagramas/clases/Diagrama_Ocultadores_Completo.png Graphic file 
(type png)
<use Imagenes/Diagramas/clases/Diagrama_Ocultadores_Completo.png>
Package pdftex.def Info: Imagenes/Diagramas/clases/Diagrama_Ocultadores_Complet
o.png  used on input line 80.
(pdftex.def)             Requested size: 384.1096pt x 322.02228pt.

LaTeX Warning: No positions in optional float specifier.
               Default added (so using `tbp') on input line 86.

<Imagenes/Diagramas/clases/Diagrama_Ocultadores_Audio_Sin_AbstractFactory.png, 
id=1040, 961.5925pt x 650.43pt>
File: Imagenes/Diagramas/clases/Diagrama_Ocultadores_Audio_Sin_AbstractFactory.
png Graphic file (type png)
<use Imagenes/Diagramas/clases/Diagrama_Ocultadores_Audio_Sin_AbstractFactory.p
ng>
Package pdftex.def Info: Imagenes/Diagramas/clases/Diagrama_Ocultadores_Audio_S
in_AbstractFactory.png  used on input line 88.
(pdftex.def)             Requested size: 426.79135pt x 288.69112pt.

LaTeX Warning: No positions in optional float specifier.
               Default added (so using `tbp') on input line 96.

<Imagenes/Diagramas/clases/Diagrama_AbstractFactory_Horizontal.png, id=1041, 79
5.97375pt x 509.905pt>
File: Imagenes/Diagramas/clases/Diagrama_AbstractFactory_Horizontal.png Graphic
 file (type png)
<use Imagenes/Diagramas/clases/Diagrama_AbstractFactory_Horizontal.png>
Package pdftex.def Info: Imagenes/Diagramas/clases/Diagrama_AbstractFactory_Hor
izontal.png  used on input line 98.
(pdftex.def)             Requested size: 426.79135pt x 273.39946pt.
LaTeX Info: Redefining \. on input line 102.
LaTeX Info: Redefining \% on input line 102.

Package fancyhdr Warning: \headheight is too small (14.0pt): 
(fancyhdr)                Make it at least 14.49998pt, for example:
(fancyhdr)                \setlength{\headheight}{14.49998pt}.
(fancyhdr)                You might also make \topmargin smaller to compensate:

(fancyhdr)                \addtolength{\topmargin}{-0.49998pt}.

[28 <./Imagenes/Diagramas/clases/Diagrama_Ocultadores_Completo.png (PNG copy)>]
LaTeX Info: Redefining \. on input line 102.
LaTeX Info: Redefining \% on input line 102.

Package fancyhdr Warning: \headheight is too small (14.0pt): 
(fancyhdr)                Make it at least 14.49998pt, for example:
(fancyhdr)                \setlength{\headheight}{14.49998pt}.
(fancyhdr)                You might also make \topmargin smaller to compensate:

(fancyhdr)                \addtolength{\topmargin}{-0.49998pt}.

[29 <./Imagenes/Diagramas/clases/Diagrama_Ocultadores_Audio_Sin_AbstractFactory
.png (PNG copy)> <./Imagenes/Diagramas/clases/Diagrama_AbstractFactory_Horizont
al.png (PNG copy)>]
<Imagenes/Diagramas/Ini.png, id=1052, 930.47626pt x 444.66125pt>
File: Imagenes/Diagramas/Ini.png Graphic file (type png)
<use Imagenes/Diagramas/Ini.png>
Package pdftex.def Info: Imagenes/Diagramas/Ini.png  used on input line 108.
(pdftex.def)             Requested size: 362.77525pt x 173.3629pt.
<Imagenes/Diagramas/Menu.png, id=1054, 592.2125pt x 520.94624pt>
File: Imagenes/Diagramas/Menu.png Graphic file (type png)
<use Imagenes/Diagramas/Menu.png>
Package pdftex.def Info: Imagenes/Diagramas/Menu.png  used on input line 120.
(pdftex.def)             Requested size: 298.75264pt x 262.80948pt.
LaTeX Info: Redefining \. on input line 126.
LaTeX Info: Redefining \% on input line 126.


Package fancyhdr Warning: \headheight is too small (14.0pt): 
(fancyhdr)                Make it at least 14.49998pt, for example:
(fancyhdr)                \setlength{\headheight}{14.49998pt}.
(fancyhdr)                You might also make \topmargin smaller to compensate:

(fancyhdr)                \addtolength{\topmargin}{-0.49998pt}.

[30 <./Imagenes/Diagramas/ini.png (PNG copy)> <./Imagenes/Diagramas/Menu.png (P
NG copy)>]
<Imagenes/Diagramas/Titulo.png, id=1062, 380.17032pt x 238.64156pt>
File: Imagenes/Diagramas/Titulo.png Graphic file (type png)
<use Imagenes/Diagramas/Titulo.png>
Package pdftex.def Info: Imagenes/Diagramas/Titulo.png  used on input line 129.

(pdftex.def)             Requested size: 341.43437pt x 214.33115pt.
<Imagenes/Diagramas/ocult_cmd.png, id=1063, 835.12pt x 386.44376pt>
File: Imagenes/Diagramas/ocult_cmd.png Graphic file (type png)
<use Imagenes/Diagramas/ocult_cmd.png>
Package pdftex.def Info: Imagenes/Diagramas/ocult_cmd.png  used on input line 1
38.
(pdftex.def)             Requested size: 426.79135pt x 197.49648pt.
<Imagenes/Diagramas/Opciones.png, id=1064, 347.04657pt x 277.78781pt>
File: Imagenes/Diagramas/Opciones.png Graphic file (type png)
<use Imagenes/Diagramas/Opciones.png>
Package pdftex.def Info: Imagenes/Diagramas/Opciones.png  used on input line 14
5.
(pdftex.def)             Requested size: 256.07741pt x 204.97903pt.


LaTeX Warning: `h' float specifier changed to `ht'.

LaTeX Info: Redefining \. on input line 149.
LaTeX Info: Redefining \% on input line 149.

Package fancyhdr Warning: \headheight is too small (14.0pt): 
(fancyhdr)                Make it at least 14.49998pt, for example:
(fancyhdr)                \setlength{\headheight}{14.49998pt}.
(fancyhdr)                You might also make \topmargin smaller to compensate:

(fancyhdr)                \addtolength{\topmargin}{-0.49998pt}.

[31 <./Imagenes/Diagramas/Titulo.png> <./Imagenes/Diagramas/ocult_cmd.png (PNG 
copy)>]
<Imagenes/Diagramas/ocul/llamada_flujo_ocul.png, id=1072, 283.0575pt x 255.9562
5pt>
File: Imagenes/Diagramas/ocul/llamada_flujo_ocul.png Graphic file (type png)
<use Imagenes/Diagramas/ocul/llamada_flujo_ocul.png>
Package pdftex.def Info: Imagenes/Diagramas/ocul/llamada_flujo_ocul.png  used o
n input line 154.
(pdftex.def)             Requested size: 213.39568pt x 192.97043pt.
<Imagenes/Diagramas/ocul/fase_cifrado.png, id=1074, 475.7775pt x 177.66376pt>
File: Imagenes/Diagramas/ocul/fase_cifrado.png Graphic file (type png)
<use Imagenes/Diagramas/ocul/fase_cifrado.png>
Package pdftex.def Info: Imagenes/Diagramas/ocul/fase_cifrado.png  used on inpu
t line 164.
(pdftex.def)             Requested size: 341.43437pt x 127.50302pt.


LaTeX Warning: `h' float specifier changed to `ht'.

LaTeX Info: Redefining \. on input line 168.
LaTeX Info: Redefining \% on input line 168.

Package fancyhdr Warning: \headheight is too small (14.0pt): 
(fancyhdr)                Make it at least 14.49998pt, for example:
(fancyhdr)                \setlength{\headheight}{14.49998pt}.
(fancyhdr)                You might also make \topmargin smaller to compensate:

(fancyhdr)                \addtolength{\topmargin}{-0.49998pt}.

[32 <./Imagenes/Diagramas/Opciones.png> <./Imagenes/Diagramas/ocul/llamada_fluj
o_ocul.png (PNG copy)>]
<Imagenes/Diagramas/ocul/cifrador.png, id=1081, 610.28pt x 236.885pt>
File: Imagenes/Diagramas/ocul/cifrador.png Graphic file (type png)
<use Imagenes/Diagramas/ocul/cifrador.png>
Package pdftex.def Info: Imagenes/Diagramas/ocul/cifrador.png  used on input li
ne 174.
(pdftex.def)             Requested size: 341.43437pt x 132.5354pt.
<Imagenes/Diagramas/ocul/fase_ocul.png, id=1083, 925.4575pt x 265.99374pt>
File: Imagenes/Diagramas/ocul/fase_ocul.png Graphic file (type png)
<use Imagenes/Diagramas/ocul/fase_ocul.png>
Package pdftex.def Info: Imagenes/Diagramas/ocul/fase_ocul.png  used on input l
ine 184.
(pdftex.def)             Requested size: 426.79135pt x 122.66707pt.
<Imagenes/Diagramas/ocul/oculimg.png, id=1085, 634.37pt x 308.15125pt>
File: Imagenes/Diagramas/ocul/oculimg.png Graphic file (type png)
<use Imagenes/Diagramas/ocul/oculimg.png>
Package pdftex.def Info: Imagenes/Diagramas/ocul/oculimg.png  used on input lin
e 194.
(pdftex.def)             Requested size: 341.43437pt x 165.85846pt.


LaTeX Warning: `h' float specifier changed to `ht'.

LaTeX Info: Redefining \. on input line 198.
LaTeX Info: Redefining \% on input line 198.

Package fancyhdr Warning: \headheight is too small (14.0pt): 
(fancyhdr)                Make it at least 14.49998pt, for example:
(fancyhdr)                \setlength{\headheight}{14.49998pt}.
(fancyhdr)                You might also make \topmargin smaller to compensate:

(fancyhdr)                \addtolength{\topmargin}{-0.49998pt}.

[33 <./Imagenes/Diagramas/ocul/fase_cifrado.png (PNG copy)> <./Imagenes/Diagram
as/ocul/cifrador.png (PNG copy)> <./Imagenes/Diagramas/ocul/fase_ocul.png (PNG 
copy)>]
Underfull \hbox (badness 10000) in paragraph at lines 200--201

 []

<Imagenes/prueba_campo2_2/transformacion.png, id=1093, 2568.59625pt x 895.345pt
>
File: Imagenes/prueba_campo2_2/transformacion.png Graphic file (type png)
<use Imagenes/prueba_campo2_2/transformacion.png>
Package pdftex.def Info: Imagenes/prueba_campo2_2/transformacion.png  used on i
nput line 206.
(pdftex.def)             Requested size: 192.0548pt x 66.94304pt.
<Imagenes/Diagramas/trasnfromada2.png, id=1094, 2569.6pt x 895.345pt>
File: Imagenes/Diagramas/trasnfromada2.png Graphic file (type png)
<use Imagenes/Diagramas/trasnfromada2.png>
Package pdftex.def Info: Imagenes/Diagramas/trasnfromada2.png  used on input li
ne 213.
(pdftex.def)             Requested size: 192.0548pt x 66.91573pt.
<Imagenes/Diagramas/ocul/audiolsb.png, id=1095, 607.26875pt x 279.0425pt>
File: Imagenes/Diagramas/ocul/audiolsb.png Graphic file (type png)
<use Imagenes/Diagramas/ocul/audiolsb.png>
Package pdftex.def Info: Imagenes/Diagramas/ocul/audiolsb.png  used on input li
ne 223.
(pdftex.def)             Requested size: 341.43437pt x 156.89288pt.

LaTeX Warning: `h' float specifier changed to `ht'.

LaTeX Info: Redefining \. on input line 227.
LaTeX Info: Redefining \% on input line 227.

Package fancyhdr Warning: \headheight is too small (14.0pt): 
(fancyhdr)                Make it at least 14.49998pt, for example:
(fancyhdr)                \setlength{\headheight}{14.49998pt}.
(fancyhdr)                You might also make \topmargin smaller to compensate:

(fancyhdr)                \addtolength{\topmargin}{-0.49998pt}.

[34 <./Imagenes/Diagramas/ocul/oculimg.png (PNG copy)> <./Imagenes/prueba_campo
2_2/transformacion.png> <./Imagenes/Diagramas/trasnfromada2.png>]
<Imagenes/Diagramas/ocul/audiosstv.png, id=1103, 617.30624pt x 236.885pt>
File: Imagenes/Diagramas/ocul/audiosstv.png Graphic file (type png)
<use Imagenes/Diagramas/ocul/audiosstv.png>
Package pdftex.def Info: Imagenes/Diagramas/ocul/audiosstv.png  used on input l
ine 233.
(pdftex.def)             Requested size: 341.43437pt x 131.02452pt.
<Imagenes/Diagramas/desocul/desoculcmd.png, id=1105, 883.3pt x 386.44376pt>
File: Imagenes/Diagramas/desocul/desoculcmd.png Graphic file (type png)
<use Imagenes/Diagramas/desocul/desoculcmd.png>
Package pdftex.def Info: Imagenes/Diagramas/desocul/desoculcmd.png  used on inp
ut line 243.
(pdftex.def)             Requested size: 426.79135pt x 186.7233pt.


LaTeX Warning: `h' float specifier changed to `ht'.

LaTeX Info: Redefining \. on input line 247.
LaTeX Info: Redefining \% on input line 247.

Package fancyhdr Warning: \headheight is too small (14.0pt): 
(fancyhdr)                Make it at least 14.49998pt, for example:
(fancyhdr)                \setlength{\headheight}{14.49998pt}.
(fancyhdr)                You might also make \topmargin smaller to compensate:

(fancyhdr)                \addtolength{\topmargin}{-0.49998pt}.

[35 <./Imagenes/Diagramas/ocul/audiolsb.png (PNG copy)> <./Imagenes/Diagramas/o
cul/audiosstv.png (PNG copy)>]
<Imagenes/Diagramas/desocul/desol.png, id=1111, 306.14375pt x 272.01625pt>
File: Imagenes/Diagramas/desocul/desol.png Graphic file (type png)
<use Imagenes/Diagramas/desocul/desol.png>
Package pdftex.def Info: Imagenes/Diagramas/desocul/desol.png  used on input li
ne 253.
(pdftex.def)             Requested size: 213.39568pt x 189.60484pt.
<Imagenes/Diagramas/desocul/fase_desocultar.png, id=1113, 810.02625pt x 265.993
74pt>
File: Imagenes/Diagramas/desocul/fase_desocultar.png Graphic file (type png)
<use Imagenes/Diagramas/desocul/fase_desocultar.png>
Package pdftex.def Info: Imagenes/Diagramas/desocul/fase_desocultar.png  used o
n input line 264.
(pdftex.def)             Requested size: 426.79135pt x 140.15208pt.


LaTeX Warning: `h' float specifier changed to `ht'.

LaTeX Info: Redefining \. on input line 268.
LaTeX Info: Redefining \% on input line 268.

Package fancyhdr Warning: \headheight is too small (14.0pt): 
(fancyhdr)                Make it at least 14.49998pt, for example:
(fancyhdr)                \setlength{\headheight}{14.49998pt}.
(fancyhdr)                You might also make \topmargin smaller to compensate:

(fancyhdr)                \addtolength{\topmargin}{-0.49998pt}.

[36 <./Imagenes/Diagramas/desocul/desoculcmd.png (PNG copy)> <./Imagenes/Diagra
mas/desocul/desol.png (PNG copy)>]
<Imagenes/Diagramas/desocul/desocultarlsb.png, id=1119, 647.41875pt x 207.77625
pt>
File: Imagenes/Diagramas/desocul/desocultarlsb.png Graphic file (type png)
<use Imagenes/Diagramas/desocul/desocultarlsb.png>
Package pdftex.def Info: Imagenes/Diagramas/desocul/desocultarlsb.png  used on 
input line 274.
(pdftex.def)             Requested size: 426.79135pt x 136.97104pt.
<Imagenes/Diagramas/desocul/desocultarsstv.png, id=1121, 755.82375pt x 177.6637
6pt>
File: Imagenes/Diagramas/desocul/desocultarsstv.png Graphic file (type png)
<use Imagenes/Diagramas/desocul/desocultarsstv.png>
Package pdftex.def Info: Imagenes/Diagramas/desocul/desocultarsstv.png  used on
 input line 284.
(pdftex.def)             Requested size: 426.79135pt x 100.32056pt.


LaTeX Warning: `h' float specifier changed to `ht'.

LaTeX Info: Redefining \. on input line 288.
LaTeX Info: Redefining \% on input line 288.

Package fancyhdr Warning: \headheight is too small (14.0pt): 
(fancyhdr)                Make it at least 14.49998pt, for example:
(fancyhdr)                \setlength{\headheight}{14.49998pt}.
(fancyhdr)                You might also make \topmargin smaller to compensate:

(fancyhdr)                \addtolength{\topmargin}{-0.49998pt}.

[37 <./Imagenes/Diagramas/desocul/fase_desocultar.png (PNG copy)> <./Imagenes/D
iagramas/desocul/desocultarlsb.png (PNG copy)>]
<Imagenes/pitea/sstv_inst.png, id=1128, 1267.73625pt x 59.22125pt>
File: Imagenes/pitea/sstv_inst.png Graphic file (type png)
<use Imagenes/pitea/sstv_inst.png>
Package pdftex.def Info: Imagenes/pitea/sstv_inst.png  used on input line 294.
(pdftex.def)             Requested size: 426.79135pt x 19.93704pt.
<Imagenes/Diagramas/desocul/desoculimg.png, id=1129, 676.5275pt x 279.0425pt>
File: Imagenes/Diagramas/desocul/desoculimg.png Graphic file (type png)
<use Imagenes/Diagramas/desocul/desoculimg.png>
Package pdftex.def Info: Imagenes/Diagramas/desocul/desoculimg.png  used on inp
ut line 302.
(pdftex.def)             Requested size: 384.1096pt x 158.43422pt.
<Imagenes/Diagramas/desocul/descifrar_inst.png, id=1130, 484.81125pt x 177.6637
6pt>
File: Imagenes/Diagramas/desocul/descifrar_inst.png Graphic file (type png)
<use Imagenes/Diagramas/desocul/descifrar_inst.png>
Package pdftex.def Info: Imagenes/Diagramas/desocul/descifrar_inst.png  used on
 input line 312.
(pdftex.def)             Requested size: 341.43437pt x 125.12825pt.


LaTeX Warning: `h' float specifier changed to `ht'.

LaTeX Info: Redefining \. on input line 316.
LaTeX Info: Redefining \% on input line 316.

Package fancyhdr Warning: \headheight is too small (14.0pt): 
(fancyhdr)                Make it at least 14.49998pt, for example:
(fancyhdr)                \setlength{\headheight}{14.49998pt}.
(fancyhdr)                You might also make \topmargin smaller to compensate:

(fancyhdr)                \addtolength{\topmargin}{-0.49998pt}.

[38 <./Imagenes/Diagramas/desocul/desocultarsstv.png (PNG copy)> <./Imagenes/pi
tea/sstv_inst.png> <./Imagenes/Diagramas/desocul/desoculimg.png (PNG copy)>]
<Imagenes/Diagramas/desocul/descifrar.png, id=1136, 560.0925pt x 236.885pt>
File: Imagenes/Diagramas/desocul/descifrar.png Graphic file (type png)
<use Imagenes/Diagramas/desocul/descifrar.png>
Package pdftex.def Info: Imagenes/Diagramas/desocul/descifrar.png  used on inpu
t line 322.
(pdftex.def)             Requested size: 341.43437pt x 144.41289pt.
)
LaTeX Info: Redefining \. on input line 142.
LaTeX Info: Redefining \% on input line 142.


Package fancyhdr Warning: \headheight is too small (14.0pt): 
(fancyhdr)                Make it at least 14.49998pt, for example:
(fancyhdr)                \setlength{\headheight}{14.49998pt}.
(fancyhdr)                You might also make \topmargin smaller to compensate:

(fancyhdr)                \addtolength{\topmargin}{-0.49998pt}.

[39 <./Imagenes/Diagramas/desocul/descifrar_inst.png (PNG copy)> <./Imagenes/Di
agramas/desocul/descifrar.png (PNG copy)>]
\openout2 = `Capitulos/PruebasExpirementales.aux'.


(./Capitulos/PruebasExpirementales.tex [40




]
Cap\'itulo 4.

Underfull \hbox (badness 10000) in paragraph at lines 4--5

 []


Overfull \hbox (60.91455pt too wide) in paragraph at lines 9--9
[]\T1/cmtt/m/n/12 PITEA Protección de la informacíon mediante técnicas de esteg
anografía acústica[] 
 []

<Imagenes/pitea/gen_radio.png, id=1147, 569.12625pt x 698.61pt>
File: Imagenes/pitea/gen_radio.png Graphic file (type png)
<use Imagenes/pitea/gen_radio.png>
Package pdftex.def Info: Imagenes/pitea/gen_radio.png  used on input line 25.
(pdftex.def)             Requested size: 170.71393pt x 209.55263pt.

LaTeX Warning: `h' float specifier changed to `ht'.

<Imagenes/pitea/text_radio.png, id=1148, 240.9pt x 192.72pt>
File: Imagenes/pitea/text_radio.png Graphic file (type png)
<use Imagenes/pitea/text_radio.png>
Package pdftex.def Info: Imagenes/pitea/text_radio.png  used on input line 32.
(pdftex.def)             Requested size: 213.39568pt x 170.72038pt.

LaTeX Warning: `h' float specifier changed to `ht'.

[41]
Underfull \hbox (badness 10000) in paragraph at lines 45--46

 []

LaTeX Info: Redefining \. on input line 50.
LaTeX Info: Redefining \% on input line 50.

Package fancyhdr Warning: \headheight is too small (14.0pt): 
(fancyhdr)                Make it at least 14.49998pt, for example:
(fancyhdr)                \setlength{\headheight}{14.49998pt}.
(fancyhdr)                You might also make \topmargin smaller to compensate:

(fancyhdr)                \addtolength{\topmargin}{-0.49998pt}.

[42 <./Imagenes/pitea/gen_radio.png> <./Imagenes/pitea/text_radio.png (PNG copy
)>]
<Imagenes/pitea/nodo_radioescucha.png, id=1166, 1065.9825pt x 859.21pt>
File: Imagenes/pitea/nodo_radioescucha.png Graphic file (type png)
<use Imagenes/pitea/nodo_radioescucha.png>
Package pdftex.def Info: Imagenes/pitea/nodo_radioescucha.png  used on input li
ne 53.
(pdftex.def)             Requested size: 213.39568pt x 171.99628pt.
<Imagenes/pitea/nodo_radio.png, id=1167, 321.2pt x 256.96pt>
File: Imagenes/pitea/nodo_radio.png Graphic file (type png)
<use Imagenes/pitea/nodo_radio.png>
Package pdftex.def Info: Imagenes/pitea/nodo_radio.png  used on input line 60.
(pdftex.def)             Requested size: 213.39568pt x 170.7194pt.
LaTeX Info: Redefining \. on input line 74.
LaTeX Info: Redefining \% on input line 74.


Package fancyhdr Warning: \headheight is too small (14.0pt): 
(fancyhdr)                Make it at least 14.49998pt, for example:
(fancyhdr)                \setlength{\headheight}{14.49998pt}.
(fancyhdr)                You might also make \topmargin smaller to compensate:

(fancyhdr)                \addtolength{\topmargin}{-0.49998pt}.

[43 <./Imagenes/pitea/nodo_radioescucha.png> <./Imagenes/pitea/nodo_radio.png>]
<Imagenes/pitea/gen_pub.png, id=1179, 565.11125pt x 689.57625pt>
File: Imagenes/pitea/gen_pub.png Graphic file (type png)
<use Imagenes/pitea/gen_pub.png>
Package pdftex.def Info: Imagenes/pitea/gen_pub.png  used on input line 80.
(pdftex.def)             Requested size: 170.71393pt x 208.30547pt.
<Imagenes/prueba_campo2_2/collage.png, id=1180, 3854.4pt x 895.345pt>
File: Imagenes/prueba_campo2_2/collage.png Graphic file (type png)
<use Imagenes/prueba_campo2_2/collage.png>
Package pdftex.def Info: Imagenes/prueba_campo2_2/collage.png  used on input li
ne 87.
(pdftex.def)             Requested size: 341.43437pt x 79.30702pt.

Underfull \hbox (badness 10000) in paragraph at lines 92--93

 []


Underfull \hbox (badness 10000) in paragraph at lines 101--102

 []

LaTeX Info: Redefining \. on input line 102.
LaTeX Info: Redefining \% on input line 102.

Package fancyhdr Warning: \headheight is too small (14.0pt): 
(fancyhdr)                Make it at least 14.49998pt, for example:
(fancyhdr)                \setlength{\headheight}{14.49998pt}.
(fancyhdr)                You might also make \topmargin smaller to compensate:

(fancyhdr)                \addtolength{\topmargin}{-0.49998pt}.

[44 <./Imagenes/pitea/gen_pub.png> <./Imagenes/prueba_campo2_2/collage.png>]
<Imagenes/pitea/streaming.png, id=1192, 1900.09875pt x 1022.82124pt>
File: Imagenes/pitea/streaming.png Graphic file (type png)
<use Imagenes/pitea/streaming.png>
Package pdftex.def Info: Imagenes/pitea/streaming.png  used on input line 106.
(pdftex.def)             Requested size: 426.79135pt x 229.73466pt.
<Imagenes/pitea/collage_streaming.png, id=1193, 642.4pt x 256.96pt>
File: Imagenes/pitea/collage_streaming.png Graphic file (type png)
<use Imagenes/pitea/collage_streaming.png>
Package pdftex.def Info: Imagenes/pitea/collage_streaming.png  used on input li
ne 113.
(pdftex.def)             Requested size: 384.1096pt x 153.64786pt.

Underfull \hbox (badness 10000) in paragraph at lines 118--119

 []

LaTeX Info: Redefining \. on input line 120.
LaTeX Info: Redefining \% on input line 120.

Package fancyhdr Warning: \headheight is too small (14.0pt): 
(fancyhdr)                Make it at least 14.49998pt, for example:
(fancyhdr)                \setlength{\headheight}{14.49998pt}.
(fancyhdr)                You might also make \topmargin smaller to compensate:

(fancyhdr)                \addtolength{\topmargin}{-0.49998pt}.

[45 <./Imagenes/pitea/streaming.png> <./Imagenes/pitea/collage_streaming.png>]
Overfull \hbox (60.91455pt too wide) in paragraph at lines 122--122
[]\T1/cmtt/m/n/12 PITEA Protección de la informacíon mediante técnicas de esteg
anografía acústica[] 
 []

<Imagenes/prueba_campo2_2/llamada.png, id=1205, 559.08875pt x 658.46pt>
File: Imagenes/prueba_campo2_2/llamada.png Graphic file (type png)
<use Imagenes/prueba_campo2_2/llamada.png>
Package pdftex.def Info: Imagenes/prueba_campo2_2/llamada.png  used on input li
ne 129.
(pdftex.def)             Requested size: 170.71393pt x 201.05608pt.
<Imagenes/prueba_campo2_2/collage2.png, id=1208, 2569.6pt x 895.345pt>
File: Imagenes/prueba_campo2_2/collage2.png Graphic file (type png)
<use Imagenes/prueba_campo2_2/collage2.png>
Package pdftex.def Info: Imagenes/prueba_campo2_2/collage2.png  used on input l
ine 136.
(pdftex.def)             Requested size: 341.43437pt x 118.96736pt.
LaTeX Info: Redefining \. on input line 142.
LaTeX Info: Redefining \% on input line 142.

Package fancyhdr Warning: \headheight is too small (14.0pt): 
(fancyhdr)                Make it at least 14.49998pt, for example:
(fancyhdr)                \setlength{\headheight}{14.49998pt}.
(fancyhdr)                You might also make \topmargin smaller to compensate:

(fancyhdr)                \addtolength{\topmargin}{-0.49998pt}.

[46 <./Imagenes/prueba_campo2_2/llamada.png> <./Imagenes/prueba_campo2_2/collag
e2.png>]
Underfull \hbox (badness 10000) in paragraph at lines 145--146

 []


Underfull \hbox (badness 10000) in paragraph at lines 147--148

 []

LaTeX Info: Redefining \. on input line 175.
LaTeX Info: Redefining \% on input line 175.

Package fancyhdr Warning: \headheight is too small (14.0pt): 
(fancyhdr)                Make it at least 14.49998pt, for example:
(fancyhdr)                \setlength{\headheight}{14.49998pt}.
(fancyhdr)                You might also make \topmargin smaller to compensate:

(fancyhdr)                \addtolength{\topmargin}{-0.49998pt}.

[47]
Underfull \hbox (badness 10000) in paragraph at lines 180--181

 []


Underfull \hbox (badness 10000) in paragraph at lines 182--183

 []

<Imagenes/experimentos/t_tam.png, id=1231, 711.1368pt x 422.0568pt>
File: Imagenes/experimentos/t_tam.png Graphic file (type png)
<use Imagenes/experimentos/t_tam.png>
Package pdftex.def Info: Imagenes/experimentos/t_tam.png  used on input line 18
6.
(pdftex.def)             Requested size: 298.75264pt x 177.30772pt.

Underfull \hbox (badness 10000) in paragraph at lines 190--191

 []


Underfull \hbox (badness 10000) in paragraph at lines 196--197

 []


Underfull \hbox (badness 10000) in paragraph at lines 198--199

 []

LaTeX Info: Redefining \. on input line 199.
LaTeX Info: Redefining \% on input line 199.

Package fancyhdr Warning: \headheight is too small (14.0pt): 
(fancyhdr)                Make it at least 14.49998pt, for example:
(fancyhdr)                \setlength{\headheight}{14.49998pt}.
(fancyhdr)                You might also make \topmargin smaller to compensate:

(fancyhdr)                \addtolength{\topmargin}{-0.49998pt}.

[48 <./Imagenes/experimentos/t_tam.png>]
<Imagenes/experimentos/t_fuen.png, id=1241, 707.5233pt x 422.0568pt>
File: Imagenes/experimentos/t_fuen.png Graphic file (type png)
<use Imagenes/experimentos/t_fuen.png>
Package pdftex.def Info: Imagenes/experimentos/t_fuen.png  used on input line 2
03.
(pdftex.def)             Requested size: 298.75264pt x 178.21576pt.
<Imagenes/experimentos/t_anch.png, id=1242, 711.1368pt x 422.0568pt>
File: Imagenes/experimentos/t_anch.png Graphic file (type png)
<use Imagenes/experimentos/t_anch.png>
Package pdftex.def Info: Imagenes/experimentos/t_anch.png  used on input line 2
10.
(pdftex.def)             Requested size: 298.75264pt x 177.30772pt.

Underfull \hbox (badness 10000) in paragraph at lines 215--216

 []

<Imagenes/experimentos/t_scatt.png, id=1244, 705.3552pt x 422.0568pt>
File: Imagenes/experimentos/t_scatt.png Graphic file (type png)
<use Imagenes/experimentos/t_scatt.png>
Package pdftex.def Info: Imagenes/experimentos/t_scatt.png  used on input line 
223.
(pdftex.def)             Requested size: 298.75264pt x 178.76317pt.
LaTeX Info: Redefining \. on input line 226.
LaTeX Info: Redefining \% on input line 226.

Package fancyhdr Warning: \headheight is too small (14.0pt): 
(fancyhdr)                Make it at least 14.49998pt, for example:
(fancyhdr)                \setlength{\headheight}{14.49998pt}.
(fancyhdr)                You might also make \topmargin smaller to compensate:

(fancyhdr)                \addtolength{\topmargin}{-0.49998pt}.

[49 <./Imagenes/experimentos/t_fuen.png> <./Imagenes/experimentos/t_anch.png>]
<Imagenes/experimentos/t_num.png, id=1251, 669.2202pt x 422.0568pt>
File: Imagenes/experimentos/t_num.png Graphic file (type png)
<use Imagenes/experimentos/t_num.png>
Package pdftex.def Info: Imagenes/experimentos/t_num.png  used on input line 23
3.
(pdftex.def)             Requested size: 298.75264pt x 188.41682pt.

Underfull \hbox (badness 10000) in paragraph at lines 242--243

 []


Underfull \hbox (badness 10000) in paragraph at lines 246--247

 []

LaTeX Info: Redefining \. on input line 247.
LaTeX Info: Redefining \% on input line 247.

Package fancyhdr Warning: \headheight is too small (14.0pt): 
(fancyhdr)                Make it at least 14.49998pt, for example:
(fancyhdr)                \setlength{\headheight}{14.49998pt}.
(fancyhdr)                You might also make \topmargin smaller to compensate:

(fancyhdr)                \addtolength{\topmargin}{-0.49998pt}.

[50 <./Imagenes/experimentos/t_scatt.png> <./Imagenes/experimentos/t_num.png>]
Underfull \hbox (badness 10000) in paragraph at lines 250--252

 []

<Imagenes/experimentos/e_tam.png, id=1262, 711.1368pt x 422.0568pt>
File: Imagenes/experimentos/e_tam.png Graphic file (type png)
<use Imagenes/experimentos/e_tam.png>
Package pdftex.def Info: Imagenes/experimentos/e_tam.png  used on input line 25
5.
(pdftex.def)             Requested size: 298.75264pt x 177.30772pt.
<Imagenes/experimentos/e_fuen.png, id=1263, 707.5233pt x 422.0568pt>
File: Imagenes/experimentos/e_fuen.png Graphic file (type png)
<use Imagenes/experimentos/e_fuen.png>
Package pdftex.def Info: Imagenes/experimentos/e_fuen.png  used on input line 2
62.
(pdftex.def)             Requested size: 298.75264pt x 178.21576pt.

Underfull \hbox (badness 10000) in paragraph at lines 268--269

 []

LaTeX Info: Redefining \. on input line 273.
LaTeX Info: Redefining \% on input line 273.

Package fancyhdr Warning: \headheight is too small (14.0pt): 
(fancyhdr)                Make it at least 14.49998pt, for example:
(fancyhdr)                \setlength{\headheight}{14.49998pt}.
(fancyhdr)                You might also make \topmargin smaller to compensate:

(fancyhdr)                \addtolength{\topmargin}{-0.49998pt}.

[51 <./Imagenes/experimentos/e_tam.png> <./Imagenes/experimentos/e_fuen.png>]
<Imagenes/experimentos/e_anch.png, id=1272, 711.1368pt x 422.0568pt>
File: Imagenes/experimentos/e_anch.png Graphic file (type png)
<use Imagenes/experimentos/e_anch.png>
Package pdftex.def Info: Imagenes/experimentos/e_anch.png  used on input line 2
76.
(pdftex.def)             Requested size: 298.75264pt x 177.30772pt.
<Imagenes/experimentos/e_scatt.png, id=1273, 705.3552pt x 422.0568pt>
File: Imagenes/experimentos/e_scatt.png Graphic file (type png)
<use Imagenes/experimentos/e_scatt.png>
Package pdftex.def Info: Imagenes/experimentos/e_scatt.png  used on input line 
285.
(pdftex.def)             Requested size: 298.75264pt x 178.76317pt.
<Imagenes/experimentos/e_tam_extra.png, id=1274, 711.1368pt x 422.0568pt>
File: Imagenes/experimentos/e_tam_extra.png Graphic file (type png)
<use Imagenes/experimentos/e_tam_extra.png>
Package pdftex.def Info: Imagenes/experimentos/e_tam_extra.png  used on input l
ine 294.
(pdftex.def)             Requested size: 426.79135pt x 253.30042pt.
LaTeX Info: Redefining \. on input line 297.
LaTeX Info: Redefining \% on input line 297.


Package fancyhdr Warning: \headheight is too small (14.0pt): 
(fancyhdr)                Make it at least 14.49998pt, for example:
(fancyhdr)                \setlength{\headheight}{14.49998pt}.
(fancyhdr)                You might also make \topmargin smaller to compensate:

(fancyhdr)                \addtolength{\topmargin}{-0.49998pt}.

[52 <./Imagenes/experimentos/e_anch.png> <./Imagenes/experimentos/e_scatt.png>]
)
LaTeX Info: Redefining \. on input line 143.
LaTeX Info: Redefining \% on input line 143.


Package fancyhdr Warning: \headheight is too small (14.0pt): 
(fancyhdr)                Make it at least 14.49998pt, for example:
(fancyhdr)                \setlength{\headheight}{14.49998pt}.
(fancyhdr)                You might also make \topmargin smaller to compensate:

(fancyhdr)                \addtolength{\topmargin}{-0.49998pt}.

[53 <./Imagenes/experimentos/e_tam_extra.png>]
\openout2 = `Capitulos/TecnologiasDescartadas.aux'.


(./Capitulos/TecnologiasDescartadas.tex [54




]
Cap\'itulo 5.

Underfull \hbox (badness 10000) in paragraph at lines 4--5

 []


Underfull \hbox (badness 10000) in paragraph at lines 9--10

 []

) [55]
\openout2 = `Capitulos/ConclusionesTrabajoFuturo.aux'.

 (./Capitulos/ConclusionesTrabajoFuturo.tex [56




]
Cap\'itulo 6.
[57])
LaTeX Info: Redefining \. on input line 145.
LaTeX Info: Redefining \% on input line 145.


Package fancyhdr Warning: \headheight is too small (14.0pt): 
(fancyhdr)                Make it at least 14.49998pt, for example:
(fancyhdr)                \setlength{\headheight}{14.49998pt}.
(fancyhdr)                You might also make \topmargin smaller to compensate:

(fancyhdr)                \addtolength{\topmargin}{-0.49998pt}.

[58]
\openout2 = `Capitulos/Introduction.aux'.

 (./Capitulos/Introduction.tex
File: Imagenes/pitea/grafica_tiempo_redes_sociales.png Graphic file (type png)
<use Imagenes/pitea/grafica_tiempo_redes_sociales.png>
Package pdftex.def Info: Imagenes/pitea/grafica_tiempo_redes_sociales.png  used
 on input line 14.
(pdftex.def)             Requested size: 341.43437pt x 192.05052pt.
 [59




]
Underfull \hbox (badness 10000) in paragraph at lines 41--42

 []


Underfull \hbox (badness 10000) in paragraph at lines 53--54

 []


Underfull \hbox (badness 10000) in paragraph at lines 65--66

 []


Package fancyhdr Warning: \headheight is too small (14.0pt): 
(fancyhdr)                Make it at least 14.49998pt, for example:
(fancyhdr)                \setlength{\headheight}{14.49998pt}.
(fancyhdr)                You might also make \topmargin smaller to compensate:

(fancyhdr)                \addtolength{\topmargin}{-0.49998pt}.

[60]
Overfull \hbox (3.38684pt too wide) in paragraph at lines 69--70
\T1/cmr/m/n/12 Oriented Pro-gram-ming) to sep-a-rate the re-spon-si-bil-i-ties 
of en-cryp-tion, steganog-
 []


Underfull \hbox (badness 10000) in paragraph at lines 76--77

 []


Underfull \hbox (badness 10000) in paragraph at lines 86--87

 []


Underfull \hbox (badness 10000) in paragraph at lines 96--97

 []


Package fancyhdr Warning: \headheight is too small (14.0pt): 
(fancyhdr)                Make it at least 14.49998pt, for example:
(fancyhdr)                \setlength{\headheight}{14.49998pt}.
(fancyhdr)                You might also make \topmargin smaller to compensate:

(fancyhdr)                \addtolength{\topmargin}{-0.49998pt}.

[61])

Package fancyhdr Warning: \headheight is too small (14.0pt): 
(fancyhdr)                Make it at least 14.49998pt, for example:
(fancyhdr)                \setlength{\headheight}{14.49998pt}.
(fancyhdr)                You might also make \topmargin smaller to compensate:

(fancyhdr)                \addtolength{\topmargin}{-0.49998pt}.

[62]
\openout2 = `Capitulos/ConclusionsFutureWork.aux'.

 (./Capitulos/ConclusionsFutureWork.tex [63




])

Package fancyhdr Warning: \headheight is too small (14.0pt): 
(fancyhdr)                Make it at least 14.49998pt, for example:
(fancyhdr)                \setlength{\headheight}{14.49998pt}.
(fancyhdr)                You might also make \topmargin smaller to compensate:

(fancyhdr)                \addtolength{\topmargin}{-0.49998pt}.

[64]
LaTeX Info: Redefining \. on input line 153.
LaTeX Info: Redefining \% on input line 153.
\openout2 = `Capitulos/ContribucionesPersonales.aux'.

 (./Capitulos/ContribucionesPersonales.tex
Underfull \hbox (badness 10000) in paragraph at lines 8--9

 []


Underfull \hbox (badness 10000) in paragraph at lines 10--11

 []


Underfull \hbox (badness 10000) in paragraph at lines 13--14

 []


Underfull \hbox (badness 10000) in paragraph at lines 15--16

 []


Underfull \hbox (badness 10000) in paragraph at lines 17--18

 []


Underfull \hbox (badness 10000) in paragraph at lines 19--20

 []


Underfull \hbox (badness 10000) in paragraph at lines 21--23

 []


Underfull \vbox (badness 10000) has occurred while \output is active []

 [65




]
Underfull \hbox (badness 10000) in paragraph at lines 24--25

 []


Underfull \hbox (badness 10000) in paragraph at lines 26--27

 []


Underfull \hbox (badness 10000) in paragraph at lines 28--29

 []


Underfull \hbox (badness 10000) in paragraph at lines 30--31

 []


Underfull \hbox (badness 10000) in paragraph at lines 32--33

 []


Underfull \hbox (badness 10000) in paragraph at lines 34--35

 []

LaTeX Info: Redefining \. on input line 38.
LaTeX Info: Redefining \% on input line 38.

Package fancyhdr Warning: \headheight is too small (14.0pt): 
(fancyhdr)                Make it at least 14.49998pt, for example:
(fancyhdr)                \setlength{\headheight}{14.49998pt}.
(fancyhdr)                You might also make \topmargin smaller to compensate:

(fancyhdr)                \addtolength{\topmargin}{-0.49998pt}.

[66]
Underfull \hbox (badness 10000) in paragraph at lines 40--41

 []


Underfull \hbox (badness 10000) in paragraph at lines 42--43

 []


Underfull \hbox (badness 10000) in paragraph at lines 44--45

 []


Underfull \hbox (badness 10000) in paragraph at lines 46--47

 []


Underfull \hbox (badness 10000) in paragraph at lines 48--49

 []


Underfull \hbox (badness 10000) in paragraph at lines 50--51

 []


Underfull \hbox (badness 10000) in paragraph at lines 52--53

 []


Underfull \hbox (badness 10000) in paragraph at lines 54--55

 []


Underfull \vbox (badness 10000) has occurred while \output is active []



Package fancyhdr Warning: \headheight is too small (14.0pt): 
(fancyhdr)                Make it at least 14.49998pt, for example:
(fancyhdr)                \setlength{\headheight}{14.49998pt}.
(fancyhdr)                You might also make \topmargin smaller to compensate:

(fancyhdr)                \addtolength{\topmargin}{-0.49998pt}.

[67]
Underfull \hbox (badness 10000) in paragraph at lines 56--57

 []


Underfull \hbox (badness 10000) in paragraph at lines 58--59

 []


Underfull \hbox (badness 10000) in paragraph at lines 60--61

 []


Underfull \hbox (badness 10000) in paragraph at lines 62--63

 []


Underfull \hbox (badness 10000) in paragraph at lines 64--65

 []


Underfull \hbox (badness 10000) in paragraph at lines 66--67

 []


Underfull \hbox (badness 10000) in paragraph at lines 68--69

 []


Underfull \vbox (badness 10000) has occurred while \output is active []

LaTeX Info: Redefining \. on input line 71.
LaTeX Info: Redefining \% on input line 71.


Package fancyhdr Warning: \headheight is too small (14.0pt): 
(fancyhdr)                Make it at least 14.49998pt, for example:
(fancyhdr)                \setlength{\headheight}{14.49998pt}.
(fancyhdr)                You might also make \topmargin smaller to compensate:

(fancyhdr)                \addtolength{\topmargin}{-0.49998pt}.

[68])

Package fancyhdr Warning: \headheight is too small (14.0pt): 
(fancyhdr)                Make it at least 14.49998pt, for example:
(fancyhdr)                \setlength{\headheight}{14.49998pt}.
(fancyhdr)                You might also make \topmargin smaller to compensate:

(fancyhdr)                \addtolength{\topmargin}{-0.49998pt}.

[69]
\openout2 = `Cascaras/bibliografia.aux'.

 (./Cascaras/bibliografia.tex (./TFGTeXiS.bbl [70




] [71]))
LaTeX Info: Redefining \. on input line 167.
LaTeX Info: Redefining \% on input line 167.


Package fancyhdr Warning: \headheight is too small (14.0pt): 
(fancyhdr)                Make it at least 14.61858pt, for example:
(fancyhdr)                \setlength{\headheight}{14.61858pt}.
(fancyhdr)                You might also make \topmargin smaller to compensate:

(fancyhdr)                \addtolength{\topmargin}{-0.61858pt}.

[72]
\openout2 = `Apendices/appendixA.aux'.

 (./Apendices/appendixA.tex
Ap\'{e}ndice A.

Underfull \hbox (badness 10000) in paragraph at lines 4--5

 []

\openout5 = `TFGTeXiS.pyg'.

(./_minted-TFGTeXiS/default.pygstyle)
(./_minted-TFGTeXiS/4A6F1A0EDE1BD574546AE3BECC533E0E505B5F27196923B3E22C7ED30FE
1845E.pygtex)
\openout5 = `TFGTeXiS.pyg'.


(./_minted-TFGTeXiS/0CAFB121094CEA788A6837717E8A9DD8505B5F27196923B3E22C7ED30FE
1845E.pygtex)
Underfull \hbox (badness 10000) in paragraph at lines 15--17

 []

\openout5 = `TFGTeXiS.pyg'.


(./_minted-TFGTeXiS/7C30A97DD845F4C1E4C7A2DD70155CDC505B5F27196923B3E22C7ED30FE
1845E.pygtex)
\openout5 = `TFGTeXiS.pyg'.


(./_minted-TFGTeXiS/38AB65C8C5FE14DB05180F062544870B505B5F27196923B3E22C7ED30FE
1845E.pygtex))
Underfull \vbox (badness 10000) has occurred while \output is active []

 [73




]
LaTeX Info: Redefining \. on input line 172.
LaTeX Info: Redefining \% on input line 172.


Package fancyhdr Warning: \headheight is too small (14.0pt): 
(fancyhdr)                Make it at least 14.49998pt, for example:
(fancyhdr)                \setlength{\headheight}{14.49998pt}.
(fancyhdr)                You might also make \topmargin smaller to compensate:

(fancyhdr)                \addtolength{\topmargin}{-0.49998pt}.

[74]
\openout2 = `Apendices/appendixB.aux'.

 (./Apendices/appendixB.tex
Ap\'{e}ndice B.

Underfull \hbox (badness 10000) in paragraph at lines 9--10

 []


Overfull \hbox (4.8852pt too wide) in paragraph at lines 11--12
[]\T1/cmr/m/n/12 El men-sa-je de ayu-da ge-ne-ra-do por la he-rra-mien-ta al ej
e-cu-tar ``script_ejecucion.py''
 []

\openout5 = `TFGTeXiS.pyg'.


(./_minted-TFGTeXiS/CFEE76DB70B945671E08A82AF9B7FB99505B5F27196923B3E22C7ED30FE
1845E.pygtex)
\openout5 = `TFGTeXiS.pyg'.


(./_minted-TFGTeXiS/408A51F2B6C931F8C835AA1082AD9AC7505B5F27196923B3E22C7ED30FE
1845E.pygtex) [75




]
\openout5 = `TFGTeXiS.pyg'.


(./_minted-TFGTeXiS/D3C2AF551B4D1935D6FE68D16875FE89505B5F27196923B3E22C7ED30FE
1845E.pygtex)
Underfull \vbox (badness 1077) detected at line 76
 []


Overfull \vbox (6.80222pt too high) detected at line 76
 []

LaTeX Info: Redefining \. on input line 76.
LaTeX Info: Redefining \% on input line 76.

Package fancyhdr Warning: \headheight is too small (14.0pt): 
(fancyhdr)                Make it at least 14.49998pt, for example:
(fancyhdr)                \setlength{\headheight}{14.49998pt}.
(fancyhdr)                You might also make \topmargin smaller to compensate:

(fancyhdr)                \addtolength{\topmargin}{-0.49998pt}.

[76]
\openout5 = `TFGTeXiS.pyg'.


(./_minted-TFGTeXiS/85166CE91F6B84D257D6C79ACE942148505B5F27196923B3E22C7ED30FE
1845E.pygtex
LaTeX Font Info:    Font shape `T1/cmtt/bx/n' in size <12> not available
(Font)              Font shape `T1/cmtt/m/n' tried instead on input line 2.
)
\openout5 = `TFGTeXiS.pyg'.


(./_minted-TFGTeXiS/0FAFB47CFEFD9D043B43DAE098390ABD505B5F27196923B3E22C7ED30FE
1845E.pygtex)
LaTeX Info: Redefining \. on input line 105.
LaTeX Info: Redefining \% on input line 105.


Package fancyhdr Warning: \headheight is too small (14.0pt): 
(fancyhdr)                Make it at least 14.49998pt, for example:
(fancyhdr)                \setlength{\headheight}{14.49998pt}.
(fancyhdr)                You might also make \topmargin smaller to compensate:

(fancyhdr)                \addtolength{\topmargin}{-0.49998pt}.

[77]
<Imagenes/C/o_lsb.png, id=1451, 884.30376pt x 726.715pt>
File: Imagenes/C/o_lsb.png Graphic file (type png)
<use Imagenes/C/o_lsb.png>
Package pdftex.def Info: Imagenes/C/o_lsb.png  used on input line 110.
(pdftex.def)             Requested size: 256.07741pt x 210.44255pt.
<Imagenes/C/d_lsb.png, id=1452, 774.895pt x 626.34pt>
File: Imagenes/C/d_lsb.png Graphic file (type png)
<use Imagenes/C/d_lsb.png>
Package pdftex.def Info: Imagenes/C/d_lsb.png  used on input line 117.
(pdftex.def)             Requested size: 256.07741pt x 206.9891pt.
LaTeX Info: Redefining \. on input line 122.
LaTeX Info: Redefining \% on input line 122.


Package fancyhdr Warning: \headheight is too small (14.0pt): 
(fancyhdr)                Make it at least 14.49998pt, for example:
(fancyhdr)                \setlength{\headheight}{14.49998pt}.
(fancyhdr)                You might also make \topmargin smaller to compensate:

(fancyhdr)                \addtolength{\topmargin}{-0.49998pt}.

[78 <./Imagenes/C/o_lsb.png> <./Imagenes/C/d_lsb.png>]
\openout5 = `TFGTeXiS.pyg'.


(./_minted-TFGTeXiS/1A830730A19C6CBCFD7E83D453894D6F505B5F27196923B3E22C7ED30FE
1845E.pygtex)
<Imagenes/C/o_sstv.png, id=1458, 875.27pt x 677.53125pt>
File: Imagenes/C/o_sstv.png Graphic file (type png)
<use Imagenes/C/o_sstv.png>
Package pdftex.def Info: Imagenes/C/o_sstv.png  used on input line 139.
(pdftex.def)             Requested size: 213.39568pt x 165.18504pt.
<Imagenes/C/autoslant.png, id=1459, 1927.2pt x 1045.9075pt>
File: Imagenes/C/autoslant.png Graphic file (type png)
<use Imagenes/C/autoslant.png>
Package pdftex.def Info: Imagenes/C/autoslant.png  used on input line 148.
(pdftex.def)             Requested size: 256.07741pt x 138.97308pt.
\openout5 = `TFGTeXiS.pyg'.


Underfull \vbox (badness 1424) has occurred while \output is active []

LaTeX Info: Redefining \. on input line 166.
LaTeX Info: Redefining \% on input line 166.


Package fancyhdr Warning: \headheight is too small (14.0pt): 
(fancyhdr)                Make it at least 14.49998pt, for example:
(fancyhdr)                \setlength{\headheight}{14.49998pt}.
(fancyhdr)                You might also make \topmargin smaller to compensate:

(fancyhdr)                \addtolength{\topmargin}{-0.49998pt}.

[79 <./Imagenes/C/o_sstv.png> <./Imagenes/C/autoslant.png>]
(./_minted-TFGTeXiS/A5C824AFD61ED3489FFC656308BE8A99505B5F27196923B3E22C7ED30FE
1845E.pygtex)
<Imagenes/C/d_i_sstv.png, id=1465, 828.09375pt x 634.37pt>
File: Imagenes/C/d_i_sstv.png Graphic file (type png)
<use Imagenes/C/d_i_sstv.png>
Package pdftex.def Info: Imagenes/C/d_i_sstv.png  used on input line 170.
(pdftex.def)             Requested size: 213.39568pt x 163.47067pt.
<Imagenes/C/conf_file.png, id=1466, 11555.17pt x 2091.815pt>
File: Imagenes/C/conf_file.png Graphic file (type png)
<use Imagenes/C/conf_file.png>
Package pdftex.def Info: Imagenes/C/conf_file.png  used on input line 181.
(pdftex.def)             Requested size: 426.79135pt x 77.24274pt.
LaTeX Info: Redefining \. on input line 185.
LaTeX Info: Redefining \% on input line 185.


Package fancyhdr Warning: \headheight is too small (14.0pt): 
(fancyhdr)                Make it at least 14.49998pt, for example:
(fancyhdr)                \setlength{\headheight}{14.49998pt}.
(fancyhdr)                You might also make \topmargin smaller to compensate:

(fancyhdr)                \addtolength{\topmargin}{-0.49998pt}.

[80 <./Imagenes/C/d_i_sstv.png> <./Imagenes/C/conf_file.png>]
\openout5 = `TFGTeXiS.pyg'.


(./_minted-TFGTeXiS/42BEE68DEF5323034CEF353B1F01EBFA505B5F27196923B3E22C7ED30FE
1845E.pygtex)
<Imagenes/C/d_sstv.png, id=1473, 787.94376pt x 657.45625pt>
File: Imagenes/C/d_sstv.png Graphic file (type png)
<use Imagenes/C/d_sstv.png>
Package pdftex.def Info: Imagenes/C/d_sstv.png  used on input line 200.
(pdftex.def)             Requested size: 213.39568pt x 178.04726pt.
<Imagenes/C/conf_sound.png, id=1474, 3854.4pt x 1045.9075pt>
File: Imagenes/C/conf_sound.png Graphic file (type png)
<use Imagenes/C/conf_sound.png>
Package pdftex.def Info: Imagenes/C/conf_sound.png  used on input line 214.
(pdftex.def)             Requested size: 426.79135pt x 115.80026pt.
\openout5 = `TFGTeXiS.pyg'.


(./_minted-TFGTeXiS/AD235A44BE32D5A488CEC9D355788A65505B5F27196923B3E22C7ED30FE
1845E.pygtex)
LaTeX Info: Redefining \. on input line 228.
LaTeX Info: Redefining \% on input line 228.


Package fancyhdr Warning: \headheight is too small (14.0pt): 
(fancyhdr)                Make it at least 14.49998pt, for example:
(fancyhdr)                \setlength{\headheight}{14.49998pt}.
(fancyhdr)                You might also make \topmargin smaller to compensate:

(fancyhdr)                \addtolength{\topmargin}{-0.49998pt}.

[81 <./Imagenes/C/d_sstv.png> <./Imagenes/C/conf_sound.png>]
<Imagenes/C/d_s_sstv.png, id=1481, 790.955pt x 621.32124pt>
File: Imagenes/C/d_s_sstv.png Graphic file (type png)
<use Imagenes/C/d_s_sstv.png>
Package pdftex.def Info: Imagenes/C/d_s_sstv.png  used on input line 232.
(pdftex.def)             Requested size: 213.39568pt x 167.62625pt.
\openout5 = `TFGTeXiS.pyg'.


(./_minted-TFGTeXiS/CEEA27B0858A2A43D5C80C4D22C7C115505B5F27196923B3E22C7ED30FE
1845E.pygtex)
<Imagenes/C/d_64_sstv.png, id=1482, 781.92125pt x 632.3625pt>
File: Imagenes/C/d_64_sstv.png Graphic file (type png)
<use Imagenes/C/d_64_sstv.png>
Package pdftex.def Info: Imagenes/C/d_64_sstv.png  used on input line 253.
(pdftex.def)             Requested size: 213.39568pt x 172.57347pt.


LaTeX Warning: `h' float specifier changed to `ht'.

LaTeX Info: Redefining \. on input line 257.
LaTeX Info: Redefining \% on input line 257.

Package fancyhdr Warning: \headheight is too small (14.0pt): 
(fancyhdr)                Make it at least 14.49998pt, for example:
(fancyhdr)                \setlength{\headheight}{14.49998pt}.
(fancyhdr)                You might also make \topmargin smaller to compensate:

(fancyhdr)                \addtolength{\topmargin}{-0.49998pt}.

[82 <./Imagenes/C/d_s_sstv.png>]
\openout5 = `TFGTeXiS.pyg'.


(./_minted-TFGTeXiS/B416D20FAFD96D726749B9A9CA2DE39EDADE515601B50252B405B146FAF
6D0F2.pygtex
LaTeX Font Info:    Font shape `T1/cmtt/bx/n' in size <10.95> not available
(Font)              Font shape `T1/cmtt/m/n' tried instead on input line 2.
)
Underfull \vbox (badness 1931) detected at line 292
 []

LaTeX Info: Redefining \. on input line 292.
LaTeX Info: Redefining \% on input line 292.

Package fancyhdr Warning: \headheight is too small (14.0pt): 
(fancyhdr)                Make it at least 14.49998pt, for example:
(fancyhdr)                \setlength{\headheight}{14.49998pt}.
(fancyhdr)                You might also make \topmargin smaller to compensate:

(fancyhdr)                \addtolength{\topmargin}{-0.49998pt}.

[83 <./Imagenes/C/d_64_sstv.png>])
LaTeX Info: Redefining \. on input line 173.
LaTeX Info: Redefining \% on input line 173.


Package fancyhdr Warning: \headheight is too small (14.0pt): 
(fancyhdr)                Make it at least 14.49998pt, for example:
(fancyhdr)                \setlength{\headheight}{14.49998pt}.
(fancyhdr)                You might also make \topmargin smaller to compensate:

(fancyhdr)                \addtolength{\topmargin}{-0.49998pt}.

[84]
\openout2 = `Apendices/AppendixC.aux'.

 (./Apendices/AppendixC.tex
Ap\'{e}ndice C.

Underfull \hbox (badness 10000) in paragraph at lines 17--18
[]\T1/cmr/m/n/12 NotoSansMono-
 []


Underfull \hbox (badness 10000) in paragraph at lines 19--20
[]\T1/cmr/m/n/12 LiberationSans-
 []


Underfull \hbox (badness 10000) in paragraph at lines 23--24
[]\T1/cmr/m/n/12 NimbusSans-
 []

[85




])
LaTeX Info: Redefining \. on input line 174.
LaTeX Info: Redefining \% on input line 174.


Package fancyhdr Warning: \headheight is too small (14.0pt): 
(fancyhdr)                Make it at least 14.49998pt, for example:
(fancyhdr)                \setlength{\headheight}{14.49998pt}.
(fancyhdr)                You might also make \topmargin smaller to compensate:

(fancyhdr)                \addtolength{\topmargin}{-0.49998pt}.

[86]
\openout2 = `Cascaras/fin.aux'.

 (./Cascaras/fin.tex) (./TFGTeXiS.aux (./Cascaras/cover.aux
LaTeX Info: Redefining \. on input line 4.
LaTeX Info: Redefining \% on input line 4.
LaTeX Info: Redefining \. on input line 6.
LaTeX Info: Redefining \% on input line 6.
LaTeX Info: Redefining \. on input line 8.
LaTeX Info: Redefining \% on input line 8.
LaTeX Info: Redefining \. on input line 10.
LaTeX Info: Redefining \% on input line 10.
)
LaTeX Info: Redefining \. on input line 24.
LaTeX Info: Redefining \% on input line 24.

(./Cascaras/dedicatoria.aux) (./Cascaras/agradecimientos.aux)
(./Cascaras/resumen.aux) (./Cascaras/abstract.aux
LaTeX Info: Redefining \. on input line 4.
LaTeX Info: Redefining \% on input line 4.
) (./TeXiS/TeXiS_toc.aux)
LaTeX Info: Redefining \. on input line 31.
LaTeX Info: Redefining \% on input line 31.

(./Capitulos/Introduccion.aux) (./Capitulos/EstadoDeLaCuestion.aux)
(./Capitulos/DescripcionTrabajo.aux) (./Capitulos/PruebasExpirementales.aux)
(./Capitulos/TecnologiasDescartadas.aux)
(./Capitulos/ConclusionesTrabajoFuturo.aux) (./Capitulos/Introduction.aux)
(./Capitulos/ConclusionsFutureWork.aux)
(./Capitulos/ContribucionesPersonales.aux)
LaTeX Info: Redefining \. on input line 42.
LaTeX Info: Redefining \% on input line 42.
 (./Cascaras/bibliografia.aux)
(./Apendices/appendixA.aux) (./Apendices/appendixB.aux)
(./Apendices/AppendixC.aux) (./Cascaras/fin.aux))

LaTeX Warning: There were multiply-defined labels.

Package rerunfilecheck Info: File `TFGTeXiS.out' has not changed.
(rerunfilecheck)             Checksum: 5FDCFD91595547D4809080592BC78FEB;12827.
runsystem(rm TFGTeXiS.pyg)...executed.

 ) 
Here is how much of TeX's memory you used:
 42581 strings out of 476091
 910823 string characters out of 5794082
 1882330 words of memory out of 5000000
 61422 multiletter control sequences out of 15000+600000
 539405 words of font info for 89 fonts, out of 8000000 for 9000
 1379 hyphenation exceptions out of 8191
 115i,12n,118p,1458b,1437s stack positions out of 10000i,1000n,20000p,200000b,200000s
{/usr/share/texmf/fonts/enc/dvips/cm-super/cm-super-t1.enc}{/usr/share/texmf/
fonts/enc/dvips/cm-super/cm-super-ts1.enc}{/usr/share/texlive/texmf-dist/fonts/
enc/dvips/base/8r.enc}</usr/share/texlive/texmf-dist/fonts/type1/public/amsfont
s/cm/cmex10.pfb></usr/share/texlive/texmf-dist/fonts/type1/public/amsfonts/cm/c
mmi12.pfb></usr/share/texlive/texmf-dist/fonts/type1/public/amsfonts/cm/cmmi6.p
fb></usr/share/texlive/texmf-dist/fonts/type1/public/amsfonts/cm/cmmi8.pfb></us
r/share/texlive/texmf-dist/fonts/type1/public/amsfonts/cm/cmr12.pfb></usr/share
/texlive/texmf-dist/fonts/type1/public/amsfonts/cm/cmr8.pfb></usr/share/texlive
/texmf-dist/fonts/type1/public/amsfonts/cm/cmsy10.pfb></usr/share/texlive/texmf
-dist/fonts/type1/public/amsfonts/cm/cmsy6.pfb></usr/share/texlive/texmf-dist/f
onts/type1/public/amsfonts/cm/cmsy8.pfb></usr/share/texlive/texmf-dist/fonts/ty
pe1/public/amsfonts/symbols/msbm10.pfb></usr/share/texmf/fonts/type1/public/cm-
super/sfbi1200.pfb></usr/share/texmf/fonts/type1/public/cm-super/sfbi1440.pfb><
/usr/share/texmf/fonts/type1/public/cm-super/sfbi1728.pfb></usr/share/texmf/fon
ts/type1/public/cm-super/sfbx1200.pfb></usr/share/texmf/fonts/type1/public/cm-s
uper/sfbx1440.pfb></usr/share/texmf/fonts/type1/public/cm-super/sfbx1728.pfb></
usr/share/texmf/fonts/type1/public/cm-super/sfcc1200.pfb></usr/share/texmf/font
s/type1/public/cm-super/sfit1095.pfb></usr/share/texmf/fonts/type1/public/cm-su
per/sfrm0700.pfb></usr/share/texmf/fonts/type1/public/cm-super/sfrm0800.pfb></u
sr/share/texmf/fonts/type1/public/cm-super/sfrm1000.pfb></usr/share/texmf/fonts
/type1/public/cm-super/sfrm1200.pfb></usr/share/texmf/fonts/type1/public/cm-sup
er/sfrm2488.pfb></usr/share/texmf/fonts/type1/public/cm-super/sfti1000.pfb></us
r/share/texmf/fonts/type1/public/cm-super/sfti1200.pfb></usr/share/texmf/fonts/
type1/public/cm-super/sfti1440.pfb></usr/share/texmf/fonts/type1/public/cm-supe
r/sfti2488.pfb></usr/share/texmf/fonts/type1/public/cm-super/sftt1000.pfb></usr
/share/texmf/fonts/type1/public/cm-super/sftt1095.pfb></usr/share/texmf/fonts/t
ype1/public/cm-super/sftt1200.pfb></usr/share/texlive/texmf-dist/fonts/type1/ur
w/helvetic/uhvr8a.pfb></usr/share/texlive/texmf-dist/fonts/type1/urw/times/utmr
8a.pfb>
Output written on TFGTeXiS.pdf (106 pages, 43771289 bytes).
PDF statistics:
 1719 PDF objects out of 1728 (max. 8388607)
 1369 compressed objects within 14 object streams
 314 named destinations out of 1000 (max. 500000)
 1097 words of extra memory for PDF output out of 10000 (max. 10000000)

